Domine labia mea	or	ORIa	OR
Domine labia mea (in festis)	or	ORIb	OR
Venite exsultemus (mode 2d)	ps	ORIP2	OR
Venite exsultemus (mode 3g simplex)	ps	ORIP3a	OR
Venite exsultemus (mode 3f solemnis)	ps	ORIP3b	OR
Venite exsultemus (mode 4e simplex)	ps	ORIP4a	OR
Venite exsultemus (mode 4g festivus)	ps	ORIP4b	OR
Venite exsultemus (mode 4d solemnis)	ps	ORIP4c	OR
Venite exsultemus (mode 5g)	ps	ORIP5	OR
Venite exsultemus (mode 6a simplex)	ps	ORIP6a	OR
Venite exsultemus (mode 6f festivus)	ps	ORIP6b	OR
Venite exsultemus (mode 6f solemnis)	ps	ORIP6c	OR
Venite exsultemus (mode 7a simplex)	ps	ORIP7a	OR
Venite exsultemus (mode 7a solemnis)	ps	ORIP7b	OR
Regem venturum Dominum (in Dominicis)	in	A1F1I	OR
Regem venturum Dominum (in Feriis)	in	A1F2I	OR
Prope est jam Dominus (in Dominicis)	in	A3F1I	OR
Prope est jam Dominus (in Feriis)	in	A3F2I	OR
Verbum supernam prodiens	hy	A1H	OR
Non sit vobis vanum	in	Q1I	OR
Ex more docti mystico	hy	Q1H	OR
Hodie si vocem	in	Q5I	OR
Pange lingua... Lauream	hy	Q5H	OR
Surrexit Dominus vere	in	P1I	OR
Rex sempiterne coelitum	hy	P1H	OR
Te Deum laudamus (tonus solemnis)	hy	ORTDa	OR
Te Deum laudamus (tonus simplex)	hy	ORTDb	OR
Toni Communes Ad Gloria Patri (Modo I)	or	ORGP1	OR
Toni Communes Ad Gloria Patri (Modo II)	or	ORGP2	OR
Toni Communes Ad Gloria Patri (Modo III)	or	ORGP3	OR
Toni Communes Ad Gloria Patri (Modo IV)	or	ORGP4	OR
Toni Communes Ad Gloria Patri (Modo V)	or	ORGP5	OR
Toni Communes Ad Gloria Patri (Modo VI)	or	ORGP6	OR
Toni Communes Ad Gloria Patri (Modo VII)	or	ORGP7	OR
Toni Communes Ad Gloria Patri (Modo VIII)	or	ORGP8	OR
Benedicamus Domino (in Festis Solemnibus)	or	ORBDa	OR
Benedicamus Domino (in Festis Duplicibus)	or	ORBDb	OR
Benedicamus Domino (in Festis Semiduplicibus)	or	ORBDc	OR
Benedicamus Domino (in Festis Beatae Mariae Virginis)	or	ORBDd	OR
Benedicamus Domino (in Dominicis per annum)	or	ORBDe	OR
Benedicamus Domino (in Festis Simplicibus)	or	ORBDf	OR
Benedicamus Domino (In Officio B.M.V in Sabbato)	or	ORBDg	OR
Benedicamus Domino (In Feriis per annum)	or	ORBDh	OR
Benedicamus Domino (In Feriis Adventus Quadrageimae et Passionis)	or	ORBDi	OR
Benedicamus Domino (In Octavam Paschae)	or	ORBDj	OR
Benedicamus Domino (In Dominicis Temporis Paschalis)	or	ORBDk	OR
Benedicamus Domino (In Feriis Temporis Paschalis)	or	ORBDl	OR
Benedicamus Domino (In Dominicis Adventus et Quadragesimae)	or	ORBDm	OR
Toni Communes Ad Alleluia in Fine Antiphonarum	or	ORAL1	OR
Toni Communes Ad Alleluia In Fine Responsorium	or	ORAL2	OR
Toni Communes Pneumata In Fine Antiphonarum	or	ORAL3	OR
Adoremus Dominum	in	F1Iw	F1
Praeoccupemus faciem	in	7GF1I	F1
Primo die quo Trinitas	hy	F1Hw	F1
Dominum qui fecit nos	in	F1Is	F1
Nocte surgentes	hy	F1Hs	F1
Veniet ecce	an	A1F1N1A1	F1
Beatus vir... meditatur.	an	F1N1A1	F1
Confortate manus dissolutas	an	A1F1N1A2	F1
Servite Domino	an	F1N1A2	F1
Gaudete omnes	an	A1F1N1A3	F1
Exsurge Domine salvum	an	F1N1A3	F1
Alleluia ... lapis revolutus est	an	P1F1N1A	F1
Gaude et laetare ... filia Jerusalem	an	A1F1N2A1	F1
Quam admirabile	an	F1N2A1	F1
Rex noster adveniet	an	A1F1N2A2	F1
Sedisti super thronum	an	F1N2A2	F1
Ecce venio cito	an	A1F1N2A3	F1
Exsurge Domine non praevaleat	an	F1N2A3	F1
Alleluia ... quem quaeris mulier	an	P1F1N2A	F1
Gabriel Angelus ... Ave	an	A1F1N3A1	F1
Ut quid Domine recessisti	an	F1N3A1	F1
Maria dixit	an	A1F1N3A2	F1
Exsurge Domine Deus exaltetur	an	F1N3A2	F1
In adventu summi Regis	an	A1F1N3A3	F1
Justus Dominus et justitiam dilexit.	an	F1N3A3	F1
Alleluia ... noli flere Maria	an	P1F1N3A	F1
Venite ... Exsultemus Domino (Ad Invit)	in	F2I	F2
Somno refectis artubus	hy	F2H	F2
Dominus de coelo	an	F2N1A1	F2
Alleluia alleluia alleluia (Secunda T.P. in I Nocturno)	an	P1F2N1A	F2
Qui operatur justitiam	an	F2N1A2	F2
Inclina Domine	an	F2N1A3	F2
Diligam te Domine	an	F2N2A1	F2
Alleluia alleluia alleluia (Secunda T.P. in II Nocturno)	an	P1F2N2A	F2
Retribuet mihi Dominus	an	F2N2A2	F2
Vivit Dominus	an	F2N2A3	F2
Exaudiat te Dominus	an	F2N3A1	F2
Alleluia alleluia alleluia (Secunda T.P. in III Nocturno)	an	P1F2N3A	F2
Domine in virtute	an	F2N3A2	F2
Exaltabo te Domine	an	F2N3A3	F2
Jubilemus Deo	in	F3I	F3
Consors paterni luminis	hy	F3H	F3
Expugna Domine	an	F3N1A1	F3
Alleluia alleluia alleluia (Tertia T.P. in I Nocturno)	an	P1F3N1A	F3
Restitue animam meam	an	F3N1A2	F3
Exsurge Domine et intende	an	F3N1A3	F3
Noli aemulari	an	F3N2A1	F3
Alleluia alleluia alleluia (Tertia T.P. in II Nocturno)	an	P1F3N2A	F3
Brachia peccatorum	an	F3N2A2	F3
Custodi innocentiam	an	F3N2A3	F3
Ne in ira tua	an	F3N3A1	F3
Alleluia alleluia alleluia (Tertia T.P. in III Nocturno)	an	P1F3N3A	F3
Intende in adjutorium	an	F3N3A2	F3
Amove Domine	an	F3N3A3	F3
Deum magnum Dominum	in	F4I	F4
Rerum Creator optime	hy	F4H	F4
Speciosus forma	an	F4N1A1	F4
Alleluia alleluia alleluia (Quarta T.P. In I Nocturno)	an	P1F4N1A	F4
Confitebuntur tibi	an	F4N1A2	F4
Adiutor in tribulationibus	an	F4N1A3	F4
Magnus Dominus	an	F4N2A1	F4
Alleluia alleluia alleluia (Quarta T.P. in II Nocturno)	an	P1F4N2A	F4
Os meum loquetur	an	F4N2A2	F4
Ne timueris	an	F4N2A3	F4
Deus deorum	an	F4N3A1	F4
Alleluia alleluia alleluia (Quarta T.P. in III Nocturno)	an	P1F4N3A	F4
Intellegite	an	F4N3A2	F4
Acceptabis	an	F4N3A3	F4
Deus deorum	an	F4N4A1	F4
Immola Deo	an	F4N4A2	F4
Intellegite	an	F4N4A3	F4
Regem magnum Dominum	in	F5I	F5
Nox atra rerum contegit	hy	F5H	F5
In Deo salutare meum	an	F5N1A1	F5
Alleluia alleluia alleluia (Quinta T.P. in I Nocturno)	an	P1F5N1A	F5
Videte opera Domini	an	F5N1A2	F5
Audite omnes	an	F5N1A3	F5
Exsurgat Deus	an	F5N2A1	F5
Alleluia alleluia alleluia (Quinta T.P. in II Nocturno)	an	P1F5N2A	F5
Deus noster ... salvos	an	F5N2A2	F5
In ecclesiis	an	F5N2A3	F5
Salvum me fac Deus	an	F5N3A1	F5
Alleluia alleluia alleluia (Quinta T.P. in III Nocturno)	an	P1F5N3A	F5
Propter inimicos meos	an	F5N3A2	F5
Quaerite Dominum ... et vivet	an	F5N3A3	F5
Dominum Deum nostrum	in	F6I	F6
Tu Trinitatis unitas	hy	F6H	F6
Suscitavit Dominus	an	F6N1A1	F6
Alleluia alleluia alleluia (Sexta T.P. in I Nocturno)	an	P1F6N1A	F6
Coram patribus	an	F6N1A2	F6
Ianuas caeli aperuit	an	F6N1A3	F6
Deus adjutor est eorum	an	F6N2A1	F6
Alleluia alleluia alleluia (Sexta T.P. in II Nocturno)	an	P1F6N2A	F6
Redemit ... eos	an	F6N2A2	F6
Aedificavit Deus	an	F6N2A3	F6
Adjuva nos Deus	an	F6N3A1	F6
Alleluia alleluia alleluia (Sexta T.P. in III Nocturno)	an	P1F6N3A	F6
Ego sum Dominus	an	F6N3A2	F6
Ne taceas Deus	an	F6N3A3	F6
Populus Domini	in	F7I	F7
Summae Parens clementiae	hy	F7H	F7
Memor fuit in saeculum	an	F7N1A1	F7
Alleluia alleluia alleluia (Sabbato T.P. in I Nocturno)	an	P1F7N1A	F7
Auxit Dominus	an	F7N1A2	F7
Eduxit Deus	an	F7N1A3	F7
Salvavit eos Dominus	an	F7N2A1	F7
Alleluia alleluia alleluia (Sabbato T.P. in II Nocturno)	an	P1F7N2A	F7
Obliti sunt Deum	an	F7N2A2	F7
Cum tribularentur	an	F7N2A3	F7
Clamaverunt ad Dominum	an	F7N3A1	F7
Alleluia alleluia alleluia (Sabbato T.P. in III Nocturno)	an	P1F7N3A	F7
Ipsi viderunt	an	F7N3A2	F7
Videbunt recti	an	F7N3A3	F7
Aspiciens a longe V1 Quique V2 Qui regis V3 Tollite V4 Gloria	re	A1N1R1	A1F1
Aspiciebam in visu V Potestas ejus	re	A1N1R2	A1F1
Missus est V Dabit ei V Gloria	re	A1N1R3	A1F1
Ave Maria V Quomodo	re	A1N2R1	A1F1
Salvatorem exspectamus V Sobrie	re	A1N2R2	A1F1
Obsecro Domine V Qui regis V Gloria	re	A1N2R3	A1F1
Ecce virgo V Super solium	re	A1N3R1	A1F1
Audite verbum V Annuntiate	re	A1N3R2	A1F1
Ecce dies veniunt V In diebus V Gloria	re	A1N3R3	A1F1
Suscipe verbum V Paries	re	A1F2R1	A1F2
Laetentur coeli V Orietur	re	A1F2R2	A1F2
Alieni non transibunt V Deus a Libano V Gloria	re	A1F2R3	A1F2
Montes Israel V Rorate	re	A1F3R1	A1F3
Erumpant montes V De Sion (tonus 8)	re	A1F3R2	A1F3
Erumpant montes V De Sion (tonus 5 ad lib)	re	A1F3R2b	A1F3
Ecce ab austro V Aspiciam V Gloria	re	A1F3R3	A1F3
Rex noster adveniet V Super ipsum	re	A1F4R1	A1F4
Ante multum tempus  V Porta quam vidisti	re	A1F4R2	A1F4
Hierusalem cito V Ego enim sum 	re	A2N1R1	A2F1
Ecce Dominus veniet V Ecce dominus cum virtute	re	A2N1R2	A2F1
Civitas Jerusalem V Ecce Dnus in fortitudine V Gloria	re	A2N1R3	A2F1
Ecce veniet Dominus V Et dominabitur	re	A2N2R1	A2F1
Sicut mater V Dabo in Sion	re	A2N2R2	A2F1
Hierusalem plantabis V Exsulta satis V Gloria	re	A2N2R3	A2F1
Egredietur Dominus de Samaria V Et praeparabitur	re	A2N3R1	A2F1
Festina V Veni Domine et noli	re	A2N3R2	A2F1
Ecce Dominus veniet V Ecce dominus noster V Gloria	re	A2N3R3	A2F1
Ecce apparébit V Apparébit in finem	re	A3N1R1	A3F1
Bethlehem civitas V Loquetur	re	A3N1R2	A3F1
Qui venturus est V Deponet V Gloria	re	A3N1R3	A3F1
Aegypte noli flere V Ecce veniet Dnus exercituum	re	A3N2R1	A3F1
Prope est ut veniat V Revertere	re	A3N2R2	A3F1
Descendet Dnus V Et adorabunt V Gloria	re	A3N2R3	A3F1
Veni Domine V Excita	re	A3N3R1	A3F1
Ecce radix Jesse V Dabit ei	re	A3N3R2	A3F1
Docebit nos Dnus V Venite ascendamus V Gloria	re	A3N3R3	A3F1
Clama in fortitudine V Super montem	re	A3F4R1	A3F4
Orietur stella Jacob V Et adorabunt	re	A3F4R2	A3F4
Modo veniet V Orietur in diebus V Gloria	re	A3F4R3	A3F4
Egredietur Dominus et proeliabitur V Et elevabitur	re	A3F5R1	A3F5
Praecursor pro nobis V Ipse est Rex	re	A3F5R2	A3F5
Videbunt Gentes justum V Et eris corona V Gloria	re	A3F5R3	A3F5
Emitte Agnum Dne, Dominatorem V Ostende	re	A3F6R1	A3F6
Rorate V Emitte Agnum Dne Dominatorem	re	A3F6R2	A3F6
Germinaverunt campi eremi V Ex Sion V Gloria	re	A3F6R3	A3F6
Egredietur virga de radice V Et requiescet	re	A3F7R1	A3F7
Radix Jesse qui esxurget V Super ipsum	re	A3F7R2	A3F7
Veni Domine V Excita V Gloria	re	A3F7R3	A3F7
Canite tuba V Annuntiate	re	A4N1R1	A4F1
Non auferetur sceptrum V Pulchriores	re	A4N1R2	A4F1
Me oportet minui V Ego baptizavi V Gloria	re	A4N1R3	A4F1
Nascetur vobis parvulus V In ipso benedicentur	re	A4N2R1	A4F1
Ecce jam veniet plenitudo V Propter nimiam	re	A4N2R2	A4F1
Virgo Israel V In caritate V Gloria	re	A4N2R3	A4F1
Juravi dicit Dnus ut ultra V Juxta est salus	re	A4N3R1	A4F1
Non discedimus a te V Memento nostri Dne	re	A4N3R2	A4F1
Intuemini quantus V Praecursor pro nobis ingréditur V Gloria	re	A4N3R3	A4F1
Hodie scietis quia veniet	in	1224I	1224
Sanctificamini hodie V Hodie scietis	re	1224R1	1224
Constantes estote V Sanctificamini	re	1224R2	1224
Sanctificamini filii V Crastina die	re	1224R3	1224
Christus natus est	in	1225I	1225
Jesu redemptor omnium	hy	1225H	1225
Dominus dixit ad me	an	1225N1A1	1225
Tamquam sponsus Dominus procedens	an	1225N1A2	1225
Diffusa est gratia	an	1225N1A3	1225
Hodie nobis coelorum Rex V Gloria in excelsis V Gloria	re	1225N1R1	1225
Hodie nobis de coelo pax V Hodie illuxit	re	1225N1R2	1225
Quem vidistis pastores V Dicite V Gloria	re	1225N1R3	1225
Suscepimus Deus misericordiam	an	1225N2A1	1225
Orietur diebus Domini	an	1225N2A2	1225
Veritas de terra orta	an	1225N2A3	1225
O Magnum mysterium V Ave Maria	re	1225N2R1	1225
Beata Dei Genitrix Maria V Beata quae credidit	re	1225N2R2	1225
Sancta et immaculata V Benedicta V Gloria	re	1225N2R3	1225
Ipse invocabit me alleluia	an	1225N3A1	1225
Laetentur coeli	an	1225N3A2	1225
Notum fecit Dominus alleluia salutare	an	1225N3A3	1225
Beata viscera Mariae Virginis V Dies sanctificatus	re	1225N3R1	1225
Verbum caro factum est V Omnia per ipsum	re	1225N3R2	1225
Christum natum qui beatum	in	1226I	1226
Stephanus autem V Surrexerunt	re	1226N1R1	1226
Videbant omnes Stephanum V Stephanus autem	re	1226N1R2	1226
Intuens in coelum V Cum autem esset V Gloria	re	1226N1R3	1226
Lapidabant Stephanum V Positis autem	re	1226N2R1	1226
Impetum fecerunt unanimes V Et testes deposuerunt	re	1226N2R2	1226
Impii super justum V Continuerunt aures V Gloria	re	1226N2R3	1226
Stephanus servus V Cum igitur	re	1226N3R1	1226
Patefactae sunt V Mortem enim V Gloria	re	1226N3R2	1226
Valde honorandus est V Virgo est electus	re	1227N1R1	1227
Hic est discipulus V Fluenta Evangelii	re	1227N1R2	1227
Hic est beatissimus V Hic est discipulus ille V Gloria	re	1227N1R3	1227
Qui vicerit faciam V Vincenti dabo	re	1227N2R1	1227
Diligebat autem eum V In cruce	re	1227N2R2	1227
In medio ecclesiae aperuit V Jucunditatem V Gloria	re	1227N2R3	1227
In illo die suscipiam V Esto fidelis	re	1227N3R1	1227
Iste est Joannes V Fluenta Evangelii V Gloria	re	1227N3R2	1227
Audit tyrannus	hy	1228H	1228
Centum quadraginta V Isti sunt qui venerunt	re	1228N1R1	1228
Sub altare Dei audivi V Vidi sub altare	re	1228N1R2	1228
Adoraverunt viventem in saecula V Et ceciderunt V Gloria	re	1228N1R3	1228
Effuderunt sanguinem sanctorum V Posuerunt mortalia	re	1228N2R1	1228
Isti sunt sancti qui passi V Vindica Domine	re	1228N2R2	1228
Isti sunt sancti qui non V Hi sunt V Gloria	re	1228N2R3	1228
Isti sunt qui venerunt	an	1228N3A2	1228
Cantabant sancti V Hi empti sunt	re	1228N3R1	1228
Vidi sub altare Dei animas V Sub throno V Gloria	re	1228N3R2	1228
Isti qui amicti sunt V Vidi sub altare V Gloria	re	1228N3R3	1228
O Regem coeli V Natus est nobis hodie V Gloria	re	N1F1N3R8	N1F1
Dominus dixit ad me	an	0101N1A1	0101
In sole posuit tabernaculum	an	0101N1A2	0101
Elevamini	an	0101N1A3	0101
Ecce Agnus Dei V Qui de terra est	re	0101N1R1	0101
Dies sanctificatus V Haec dies	re	0101N1R2	0101
Benedictus qui venit V Haec dies V Gloria	re	0101N1R3	0101
Speciosus forma	an	0101N2A1	0101
Homo natus est in ea	an	0101N2A2	0101
Exsultabunt omnia ligna	an	0101N2A3	0101
Confirmatum est cor V Domus pudici	re	0101N2R2	0101
Benedicta et venerabilis V Domine audivi V Gloria	re	0101N2R3	0101
In principio et ante	an	0101N3A1	0101
Ante luciferum genitus	an	0101N3A2	0101
Nato Domino	an	0101N3A3	0101
Nesciens mater V Domus pudici V Gloria	re	0101N3R2	0101
Admirabile nomen Jesu	in	N2I	N2
Jesu Rex admirabilis	hy	N2H	N2
Domine Dominus noster... terra.	an	N2N1A1	N2
In nomine Jesu omne	an	N2N1A2	N2
Confitemini Domino et invocate	an	N2N1A3	N2
Ecce concipies et paries V Vocatum est	re	N2N1R1	N2
Benedictum est nomen V Et benedictum nomen	re	N2N1R2	N2
Laudabo nomen V Laetabor et exsultabo V Gloria	re	N2N1R3	N2
Memores erunt nominis	an	N2N2A1	N2
Magnificate Dominum	an	N2N2A2	N2
Omnes gentes quascumque	an	N2N2A3	N2
Sperent in te qui noverunt V Exsurge Dne	re	N2N2R1	N2
Confiteamur nomini V Hi in curribus	re	N2N2R2	N2
Laetentur omnes qui sperant V Domine in lumine V Gloria	re	N2N2R3	N2
Cantate Domino et benedicite	an	N2N3A1	N2
Secundum nomen tuum Deus	an	N2N3A2	N2
Cantate Deo psalmum dicite	an	N2N3A3	N2
Tribulationem et dolorem V Turris fortissima	re	N2N3R1	N2
Exspectabo nomen tuum V Ut confiteamur V Gloria	re	N2N3R2	N2
Christus apparuit nobis	in	0106I	0106
Crudelis Herodes	hy	0106H	0106
Afferte Domino	an	0106N1A1	0106
Fluminis impetus	an	0106N1A2	0106
Psallite Deo nostro	an	0106N1A3	0106
Hodie in Jordane V Descendit Spiritus	re	0106N1R1	0106
Tria sunt munera V Salutis nostrae	re	0106N1R1b	0106
In columbae specie V Coeli aperti sunt	re	0106N1R2	0106
Reges Tharsis V Omnes de Saba V Gloria	re	0106N1R3	0106
Omnis terra adoret	an	0106N2A1	0106
Reges Tharsis (Antiphona)	an	0106N2A2	0106
Omnes Gentes quascumque	an	0106N2A3	0106
Illuminare illuminare Hierusalem V Et ambulabunt	re	0106N2R1	0106
Omnes de Saba (Resp.) V Reges Tharsis	re	0106N2R2	0106
Magi veniunt ab Oriente V Vidimus stellam V Gloria	re	0106N2R3	0106
Venite adoremus eum qui ipse est	an	0106N3A1	0106
Homo natus es	an	0106N3A1b	0106
Adorate Dominum alleluia in aula	an	0106N3A2	0106
Adorate Deum alleluia omnes	an	0106N3A3	0106
Stella quam viderant V Et intrantes	re	0106N3R1	0106
Videntes stellam Magi V Stella quam viderant V Gloria	re	0106N3R2	0106
Christum Dei Filium Mariae	in	E1I	E1F1
Sacra jam splendent decorata	hy	E1H	E1F1
Cum inducerent puerum	an	E1N1A1	E1F1
Ut perfecerunt omnia	an	E1N1A2	E1F1
Puer autem crescebat	an	E1N1A3	E1F1
Deus noster in terris V Hic adinvenit	re	E1N1R1	E1F1
Beati qui habitant V In saecula	re	E1N1R2	E1F1
Debuit per omnia V Cum esset Filius V Gloria	re	E1N1R3	E1F1
Consurgens Joseph... secessit	an	E1N2A1	E1F1
Angelus Domini apparuit in somnis... vade	an	E1N2A2	E1F1
Et veniens habitavit	an	E1N2A3	E1F1
Ego autem mendicus V Labores manuum	re	E1N2R1	E1F1
Vulpes foveas V Pauper sum ego	re	E1N2R2	E1F1
Cum in forma Dei V Humiliavit V Gloria	re	E1N2R3	E1F1
Ibant parentes	an	E1N3A1	E1F1
Cum redirent	an	E1N3A2	E1F1
Non invenientes Jesum	an	E1N3A3	E1F1
Vere tu es Rex V Tu doces hominem	re	E1N3R1	E1F1
Sicut per inoboedientiam V Venit Nazareth V Gloria	re	E1N3R2	E1F1
Domine ne in ira V Timor et tremor	re	E1F2R1	E1F2
Deus qui sedes V Tibi enim derelictus	re	E1F2R2	E1F2
A dextris est mihi V Dominbus pars hereditatis V Gloria	re	E1F2R3	E1F2
Auribus percipe Domine V Complaceat	re	E1F3R1	E1F3
Statuit Dominus supra V Exaudivit preces	re	E1F3R2	E1F3
Ego dixi Domine V Ab omnibus V Gloria	re	E1F3R3	E1F3
Ne perdideris me V Non intres in judicium	re	E1F4R1	E1F4
Paratum cor meum V Exsurge gloria	re	E1F4R2	E1F4
Adjutor meus tibi psallam V Laetabor et exsultabo V Gloria	re	E1F4R3	E1F4
Deus in te speravi V Inclina ad me	re	E1F5R1	E1F5
Repleatur os meum laude V Gaudebunt labia	re	E1F5R2	E1F5
Gaudebunt labia mea V Sed et ligna mea V Gloria	re	E1F5R3	E1F5
Confitebor tibi Domine Deus V Deus meus es tu	re	E1F6R1	E1F6
Misericordia tua Domine V In die tribulationis	re	E1F6R2	E1F6
Factus est mihi Dominus V Eripuit me V Gloria	re	E1F6R3	E1F6
Misericordiam et judicium V Perambulabam	re	E1F7R1	E1F7
Domine exaudi orationem V Fiant aures	re	E1F7R2	E1F7
Velociter exaudi me V Dies mei sicut umbra V Gloria	re	E1F7R3	E1F7
Notas mihi fecisti V Tu es qui restitues	re	E2N2R1	E2F1
Diligam te Domine virtus V Liberator meus	re	E2N2R2	E2F1
Domini est terra et plenitudo V Ipse super maria V Gloria	re	E2N2R3	E2F1
Ad te Domine levavi V Custodi animam	re	E2N3R1	E2F1
Duo Seraphim V Tres sunt V Gloria	re	E2N3R2	E2F1
Quam magna multitudo V Perfecisti	re	E2F2R1	E2F2
Adjutor meus esto Deus V Neque despicias	re	E2F2R2	E2F2
Benedicam Dominum in omni V In Domino laudabitur V Gloria	re	E2F2R3	E2F2
In principio fecit Deus V Formavit igitur	re	7GN1R1	7GF1
In principio Deus creavit V Igitur perfecti sunt	re	7GN1R2	7GF1
Formavit igitur V In principio fecit V Gloria	re	7GN1R3	7GF1
Tulit ergo V Plantaverat	re	7GN2R1	7GF1
Dixit Dominus Deus non est V Adae vero non	re	7GN2R2	7GF1
Immisit Dominus soporem V Cumque obsormisset V Gloria	re	7GN2R3	7GF1
Plantaverat autem V Produxitque	re	7GN3R1	7GF1
Ecce Adam V Fecit quoque	re	7GN3R2	7GF1
Ubi est Abel V Maledicta terra V Gloria	re	7GN3R3	7GF1
Dum deambularet Dominus V Vocem tuam audivi	re	7GF2R1	7GF2
In sudore vultus tui V Quia audisti	re	7GF2R2	7GF2
Dixit Dominus ad Noe V Fac tibi arcam	re	6GN1R1	6GF1
Noe vir justus V Fecit sibi arcam	re	6GN1R2	6GF1
Quadraginta dies et noctes V In articulo V Gloria	re	6GN1R3	6GF1
Aedificavit Noe altare Domino V Ecce ego statuam	re	6GN2R1	6GF1
Ponam arcum meum in nubibus V Cumque obduxero	re	6GN2R2	6GF1
Per memetipsum juravi V Arcum meum V Gloria	re	6GN2R3	6GF1
Benedixit Deus Noe V Ecce ego statuam	re	6GN3R1	6GF1
Ecce ego statuam pactum meum V Arcum meum ponam	re	6GN3R2	6GF1
Cum turba plurima V Et sum seminat V Gloria	re	6GN3R3	6GF1
In articulo die illius V Deleta sunt	re	6GF2R1	6GF2
Recordatus Dominus Noe V Reversaeque sunt	re	6GF2R2	6GF2
Locutus est Dominus ad Abraham V Benedicens benedicam	re	5GN1R1	5GF1
Dum staret Abraham V Ecce Sara	re	5GN1R2	5GF1
Tentavit Deus Abraham V Vocatus quoque V Gloria	re	5GN1R3	5GF1
Angelus Domini vocavit Abraham V Cumque extendisset	re	5GN2R1	5GF1
Vocavit Angelus Domini Abraham V Possidebit semen	re	5GN2R2	5GF1
Deus domini mei Abraham V Obsecro V Gloria	re	5GN2R3	5GF1
Veni hodie ad fontem V Igitur puella 	re	5GN3R1	5GF1
Factus est sermo Domini V Ego enim sum	re	5GN3R2	5GF1
Caecus sedebat V Stans autem Jesus V Gloria	re	5GN3R3	5GF1
Movens igitur Abraham V Dixit autem Dominus ad eum	re	5GF2R1	5GF2
Credidit Abraham Deo V Fuit autem justus	re	5GF2R2	5GF2
Domine puer meus V Domine non sum dignus	re	5GF5R1	5GF5
Ecce nunc tempus V In omnibus exhibeamus	re	Q1N1R1	Q1F1
In omnibus exhibeamus V Ecce nunc tempus	re	Q1N1R2	Q1F1
In jejunio et fletu V Inter vestibulum V Gloria	re	Q1N1R3	Q1F1
Emendemus in melius V Adjuva nos Deus	re	Q1N2R1	Q1F1
Derelinquat V Non vult	re	Q1N2R2	Q1F1
Paradisi portas V In omnibus V Gloria	re	Q1N2R3	Q1F1
Scindite V Derelinquat	re	Q1N3R1	Q1F1
Frange V Cum videris	re	Q1N3R2	Q1F1
Angelis suis mandavit V Super aspidem V Gloria	re	Q1N3R3	Q1F1
Tribularer si nescirem V Secundum multitudinem	re	Q1F5R1	Q1F5
Abscondite elemosynam V Date elemosynam V Gloria	re	Q1F7R3	Q1F7
Tolle arma tua V Cumque venatu	re	Q2N1R1	Q2F1
Ecce odor V Deus autem omnipotens	re	Q2N1R2	Q2F1
Det tibi Deus V Et incurventur V Gloria	re	Q2N1R3	Q2F1
Dum exiret V Vereominus est	re	Q2N2R1	Q2F1
Si Dominus Deus V Surgens ergo mane	re	Q2N2R2	Q2F1
Erit mihi Dominus V Si reversus fuero V Gloria	re	Q2N2R3	Q2F1
Dixit Angelus ad Jacob V Cumque surrexisset Jacob	re	Q2N3R1	Q2F1
Vidi Dominum facie ad faciem V Et dixit nequaquam	re	Q2N3R2	Q2F1
Cum audisset Jacob V Domine qui dixisti mihi V Gloria	re	Q2N3R3	Q2F1
Dum iret Jacob V Aedificavit ex lapidibus	re	Q2F2R1	Q2F2
Apparuit Deus Jacob V Vere Dominus est in loco	re	Q2F2R2	Q2F2
Pater peccavi in coelum V Quanti mercenarii	re	Q2F7R1	Q2F7
Videntes Joseph V Cumque vidissent Joseph	re	Q3N1R1	Q3F1
Dixit Judas fratribus suis V Quid enim prodest	re	Q3N1R2	Q3F1
Extrahentes Joseph V At illi intincta  V Gloria	re	Q3N1R3	Q3F1
Videns Jacob V Tulerunt autem	re	Q3N2R1	Q3F1
Joseph dum intraret V Humiliaverunt	re	Q3N2R2	Q3F1
Memento mei V Tres enim adhuc V Gloria	re	Q3N2R3	Q3F1
Merito haec patimur V Dixit Ruben	re	Q3N3R1	Q3F1
Dixit Ruben V Merito haec	re	Q3N3R2	Q3F1
Lamentabatur Jacob V Posternens V Gloria	re	Q3N3R3	Q3F1
Tollite hinc V Sumite de optimis	re	Q3F2R1	Q3F2
Iste est frater vester V Attollens autem	re	Q3F2R2	Q3F2
Dixit Joseph V Biennium est	re	Q3F2R3	Q3F2
Nuntiaverunt Jacob dicentes V Qumque audisset	re	Q3F3R1	Q3F3
Locutus est Dominus ad Moysen V Clamor filiorum	re	Q4N1R1	Q4F1
Stetit Moyses coram V Dominus Deus Hebraeorum	re	Q4N1R2	Q4F1
Cantemus Domino V Dominus quasi V Gloria	re	Q4N1R3	Q4F1
In mari via tua V Transtulisti illos	re	Q4N2R1	Q4F1
Qui persequebantur V Deduxisti sicut oves	re	Q4N2R2	Q4F1
Moyses famulus Domini V Ascendens V Gloria	re	Q4N2R3	Q4F1
Splendida facta est facies V Cumque descendisset	re	Q4N3R1	Q4F1
Ecce mitto Angelum meum V Israel si me audieris	re	Q4N3R2	Q4F1
Attendite popule meus V Aperiam in parabolis V Gloria	re	Q4N3R3	Q4F1
Vos qui transituri estis V Cumque intraveritis	re	Q4F2R1	Q4F2
Audi Israel praecepta V Observa igitur	re	Q4F2R2	Q4F2
Sicut fui cum Moyse V Noli timere V Gloria	re	Q4F2R3	Q4F2
Quid me quaeritis interficere V Multa bona	re	Q4F3R1	Q4F3
Adduxi vos per desertum V Ego eduxi vos	re	Q4F3R2	Q4F3
Isti sunt dies V Locutus est	re	Q5N1R1	Q5F1
Multiplicati sunt V Nequando dicat	re	Q5N1R2	Q5F1
Usquequo V Qui tribulant	re	Q5N1R3	Q5F1
Deus meus es tu V Tu autem	re	Q5N2R1	Q5F1
In te jactatus sum ex V Salva me 	re	Q5N2R2	Q5F1
In proximo est V Erue a framea	re	Q5N2R3	Q5F1
Tota die contristatus V Amici mei	re	Q5N3R1	Q5F1
Ne avertas faciem V Intende animae meae	re	Q5N3R2	Q5F1
Quis dabit capiti meo aquam V Fiant viae eorum	re	Q5N3R3	Q5F1
Deus meus eripe me V Deus meus ne elongeris	re	Q5F2R1	Q5F2
Qui custodiebant V Omnes inimici mei	re	Q5F2R2	Q5F2
Pacifice loquebantur V Ego autem cum mihi	re	Q5F2R3	Q5F2
Adjutor et susceptor meus V Iniquos odio	re	Q5F3R1	Q5F3
Doceam iniquos vias tuas V Domine labia mea	re	Q5F3R2	Q5F3
Ne perdas cum impiis V Eripe me Domine	re	Q5F3R3	Q5F3
In die qua invocavi te V In die tribulationis	re	Q6N1R1	Q6F1
Fratres mei elongaverunt a me V Derelinquerunt	re	Q6N1R2	Q6F1
Attende Domine ad me V Recordare quod	re	Q6N1R3	Q6F1
Conclusit vias meas V Factus sum in derisum	re	Q6N2R1	Q6F1
Salvum me fac Deus (Resp.) V Intende animae meae	re	Q6N2R2	Q6F1
Noli esse mihi V Confundantur	re	Q6N2R3	Q6F1
Dominus mecum V Vidisti Dne	re	Q6N3R1	Q6F1
Dixerunt mihi apud se non V Tamquam nugaces	re	Q6N3R2	Q6F1
Circumdederunt me V Qiuoniam tribulatio	re	Q6N3R3	Q6F1
Viri impii dixerunt V Haec cogitaverunt	re	Q6F2R1	Q6F2
Opprobrium factus sum nimis inimicis V Locuti sunt	re	Q6F2R2	Q6F2
Insurrexerunt in me V Effunderunt	re	Q6F2R3	Q6F2
Contumelias et terrores passus (Resp.) V Judica Domine	re	Q6F3R1	Q6F3
Deus Israel V Intende animae meae	re	Q6F3R2	Q6F3
Synagoga populorum V Judica me Domine	re	Q6F3R3	Q6F3
Zelus domus tuae comedit me	an	Q6F5N1A1	Q6F5
Avertantur retrorsum et	an	Q6F5N1A2	Q6F5
Deus meus eripe me de	an	Q6F5N1A3	Q6F5
In monte oliveti V Vigilate	re	Q6F5N1R1	Q6F5
Tristis est anima mea V Ecce appropinquat	re	Q6F5N1R2	Q6F5
Ecce vidimus eum non habentem V Vere languores	re	Q6F5N1R3	Q6F5
Liberavit dominus pauperem a potente	an	Q6F5N2A1	Q6F5
Cogitaverunt impii et locuti	an	Q6F5N2A2	Q6F5
Exsurge domine et judica	an	Q6F5N2A3	Q6F5
Amicus meus osculi me V Bonum erat	re	Q6F5N2R1	Q6F5
Judas mercator pessimus V Melius illi erat	re	Q6F5N2R2	Q6F5
Unus ex discipulis meis V Qui intingit	re	Q6F5N2R3	Q6F5
Dixit iniquis nolite loqui	an	Q6F5N3A1	Q6F5
Terra tremuit et quievit dum	an	Q6F5N3A2	Q6F5
In die tribulationis meae	an	Q6F5N3A3	Q6F5
Eram quasi agnus innocens V Omnes inimici	re	Q6F5N3R1	Q6F5
Una hora non potuistis V Quid dormitis	re	Q6F5N3R2	Q6F5
Seniores populi consilium V Collegerunt	re	Q6F5N3R3	Q6F5
Astiterunt reges terrae	an	Q6F6N1A1	Q6F6
Diviserunt sibi vestimenta	an	Q6F6N1A2	Q6F6
Insurrexerunt in me	an	Q6F6N1A3	Q6F6
Omnes amici mei dereliquerunt V Inter iniquos	re	Q6F6N1R1	Q6F6
Velum templi scissum est V Petrae scissae	re	Q6F6N1R2	Q6F6
Vinea mea V Sepivite	re	Q6F6N1R3	Q6F6
Vim faciebant qui quaerebant	an	Q6F6N2A1	Q6F6
Confundantur et revereantur	an	Q6F6N2A2	Q6F6
Alieni insurrexerunt in me	an	Q6F6N2A3	Q6F6
Tamquam ad latronem V Cumque injecissent	re	Q6F6N2R1	Q6F6
Tenebrae factae sunt V Exclamavit	re	Q6F6N2R2	Q6F6
Animam meam dilectam V Insurrexerunt	re	Q6F6N2R3	Q6F6
Ab insurgentibus in me	an	Q6F6N3A1	Q6F6
Longe fecisti notos meos	an	Q6F6N3A2	Q6F6
Captabunt in animam justi	an	Q6F6N3A3	Q6F6
Tradiderunt me V Alieni institerunt	re	Q6F6N3R1	Q6F6
Jesum tradidit V Adduxerunt autem	re	Q6F6N3R2	Q6F6
Caligaverunt V O vos omnes	re	Q6F6N3R3	Q6F6
In pace in idipsum	an	Q6F7N1A1	Q6F7
Habitabit in tabernaculo tuo	an	Q6F7N1A2	Q6F7
Caro mea requiescet	an	Q6F7N1A3	Q6F7
Sicut ovis V Tradidit in mortem	re	Q6F7N1R1	Q6F7
Jerusalem (Hierusalem) luge V Deduc quasi torrentem	re	Q6F7N1R2	Q6F7
Plange quasi virgo V Accincgite	re	Q6F7N1R3	Q6F7
Elevamini portae	an	Q6F7N2A1	Q6F7
Credo videre	an	Q6F7N2A2	Q6F7
Domine abstraxisti	an	Q6F7N2A3	Q6F7
Recessit pastor V Destruxit	re	Q6F7N2R1	Q6F7
O vos omnes V Attendite	re	Q6F7N2R2	Q6F7
Ecce quomodo moritur V Tamquam agnus	re	Q6F7N2R3	Q6F7
Deus adjuvat me	an	Q6F7N3A1	Q6F7
In pace factus est	an	Q6F7N3A2	Q6F7
Factus sum sicut homo	an	Q6F7N3A3	Q6F7
Astiterunt reges terrae V Quare fremuerunt	re	Q6F7N3R1	Q6F7
Aestimatus sum V Posuerunt	re	Q6F7N3R2	Q6F7
Sepulto Domino V Accedentes	re	Q6F7N3R3	Q6F7
Surrexit Dominus vere	in	P0I	P0F1
Ego sum qui sum	an	P0A1	P0F1
Postulavi Patrem meum	an	P0A2	P0F1
Ego dormivi	an	P0A3	P0F1
Angelus Domini descendit de coelo V Et introeuntes V Gloria	re	P0R1	P0F1
Dum transisset sabbatum V Et valde mane V Gloria	re	P0R2	P0F1
Maria Magdalene et altera Maria V Et valde	re	P0F2R1	P0F2
Surrexit pastor bonus V Et enim Pascha nostrum V Gloria	re	P0F2R2	P0F2
Virtute magna V Repleti quidem	re	P0F3R1	P0F3
De ore prudentis V Sapientia requiescit V Gloria	re	P0F3R2	P0F3
Ecce vicit leo V Dignus est Agnus	re	P0F4R1	P0F4
Ego sum vitis vera V Sicut dilexit me Pater V Gloria	re	P0F4R2	P0F4
Tulerunt Dominum meum V Cum ergo fleret	re	P0F5R1	P0F5
Congratulamini... quaerebam V Recedentibus V Gloria	re	P0F5R2	P0F5
Surgens Jesus Dominus noster V Una ergo sabbatorum	re	P0F6R1	P0F6
Expurgate vetus fermentum V Mortuus est V Gloria	re	P0F6R2	P0F6
Christus resurgens ex mortuis V Mortuus est semel	re	P0F7R1	P0F7
Isti sunt agni novelli V In conspectu V Gloria	re	P0F7R2	P0F7
Angelus Domini locutus est mulieribus V Jesum quaeritis	re	P1N1R2	P1F1
Dignus es Domine V Fecisti enim	re	P3N1R1	P3F1
Ego sicut vitis V In me omnis gratia	re	P3N1R2	P3F1
Audivi vocem in caelo tamquam V Et vox de throno V Gloria	re	P3N1R3	P3F1
Locutus est ad me unus V Et sustulit	re	P3N2R1	P3F1
Audivi vocem in caelo Angelorum V Vidi Angelum Dei	re	P3N2R2	P3F1
Veniens a Libano V Favus distillans V Gloria	re	P3N2R3	P3F1
Decantabat populus V Sanctificati sunt	re	P3N3R1	P3F1
Tristitia vestra V Mundus autem gaudebit V Gloria	re	P3N3R2	P3F1
Vidi portam civitatis V Vidi coelum novum	re	P3F2R1	P3F2
Ostendit mihi angelus V Postquam audissem V Gloria	re	P3F2R2	P3F2
Vidi Jerusalem descendentem V Et erat structura	re	P3F3R1	P3F3
In diademate V In veste enim	re	P3F3R2	P3F3
Plateae tuae Jerusalem V Luce splendida	re	P3F4R1	P3F4
Si oblitus fuero tui V Super flumina	re	P4N1R1	P4F1
Viderunt te aquae Deus V Illuxerunt	re	P4N1R2	P4F1
Narrabo nomen tuum V Confitebor tibi populis V Gloria	re	P4N1R3	P4F1
In Ecclesiis benedicite Deo V Plsamum dicite	re	P4N2R1	P4F1
In toto corde meo V Benedictus es tu	re	P4N2R2	P4F1
Hymnum cantate nobis V Illic interrogaverunt V Gloria	re	P4N2R3	P4F1
Deus canticum novum V Deus meus es tu	re	P4N3R1	P4F1
Bonum est confiteri V In decachordo V Gloria	re	P4N3R2	P4F1
Dicant nunc qui redempti sunt V Quos redemit	re	P4F2R1	P4F2
Cantate Deo alleluja V Afferte V Gloria	re	P4F2R2	P4F2
Alleluja Christum Dominum	in	P5F5I	P5F5
Aeterne Rex altissime	hy	P5F5H	P5F5
Elevata est magnificentia tua	an	P5F5N1A1	P5F5
Dominus in templo sancto suo	an	P5F5N1A2	P5F5
A summo coelo egressio ejus	an	P5F5N1A3	P5F5
Post passionem suam V Et converscens	re	P5F5N1R1	P5F5
Omnis pulchritudo Domini V A summo coelo	re	P5F5N1R2	P5F5
Exaltare Domine V Elevata est magnificentia V Gloria	re	P5F5N1R3	P5F5
Exaltare Domine	an	P5F5N2A1	P5F5
Exaltabo te Domine	an	P5F5N2A2	P5F5
Ascendit Deus	an	P5F5N2A3	P5F5
Tempus est V Nisi ego abiero	re	P5F5N2R1	P5F5
Non conturbetur cor vestrum V Ego rogabo	re	P5F5N2R2	P5F5
Ascendens in altum V Ascendit Deus V Gloria	re	P5F5N2R3	P5F5
Nimis exaltatus est	an	P5F5N3A1	P5F5
Dominus in Sion	an	P5F5N3A2	P5F5
Dominus in coelo	an	P5F5N3A3	P5F5
Ego rogabo Patrem V Si enim non abiero	re	P5F5N3R1	P5F5
Ponit nubem V Confessionem et decorem	re	P5F5N3R2	P5F5
Si enim non abiero V Non enim loquetur	re	P6N3R2	P6F1
Alleluia spiritus Domini replevit	in	P7I	P7F1
Jam Christus astra ascenderat	hy	P7H	P7F1
Factus est repente	an	P7A1	P7F1
Confirma hoc Deus	an	P7A2	P7F1
Emitte spiritum tuum	an	P7A3	P7F1
Dum complerentur dies V Dum ergo essent	re	P7R1	P7F1
Repleti sunt omnes V Loquebantur V Gloria	re	P7R2	P7F1
Jam non dicam V Vos amici mei estis	re	P7F2R1	P7F1
Spiritus Sanctus procedens V Advenit ignis V Gloria	re	P7F2R2	P7F1
Apparuerunt apostolis V Et coeperunt loqui	re	P7F3R1	P7F1
Loquebantur V Repleti sunt omnes V Gloria	re	P7F3R2	P7F1
Disciplinam et sapientiam V Repentino namque	re	P7F4R1	P7F1
Ite in orbem universum V In nomine meo V Gloria	re	P7F4R2	P7F1
Advenit ignis divinus V Invenit eos	re	P7F5R1	P7F1
Spiritus Sanctus replevit totam domum V Dum ergo V Gloria	re	P7F5R2	P7F1
Non vos me elegistis V Sicut misit me	re	P7F6R1	P7F1
Spiritus Domini replevit orbem terrarum V Omnium est enim V Gloria	re	P7F6R2	P7F1
Deum verum unum in Trinitate	in	H1I	H1F1
Summae Parens clementiae	hy	H1H	H1F1
Adesto unus Deus omnipotens	an	H1N1A1	H1F1
Te unum in substantia	an	H1N1A2	H1F1
Te semper idem esse	an	H1N1A3	H1F1
Vidi Dominum sedentem V Seraphim stabant	re	H1N1R1	H1F1
Benedictus Dominus Deus Israel V Replebitur maiestate	re	H1N1R2	H1F1
Benedicat nos Deus V Deus misereatur V Gloria	re	H1N1R3	H1F1
Te invocamus	an	H1N2A1	H1F1
Spes nostra	an	H1N2A2	H1F1
Libera nos	an	H1N2A3	H1F1
Quis Deus magnus V Notam fecisti	re	H1N2R1	H1F1
Tibi laus tibi gloria V Et benedictum	re	H1N2R2	H1F1
Magnus Dominus V Magnus Dominus V Gloria	re	H1N2R3	H1F1
Caritas Pater est	an	H1N3A1	H1F1
Verax est Pater	an	H1N3A2	H1F1
Pater et Filius et Spiritus Sanctus	an	H1N3A3	H1F1
Benedicamus Patrem et Filium V Benedictus es Dne in	re	H1N3R1	H1F1
Praeparate corda vestra V Convertimini	re	H1F2R1	H1F2
Deus omnium exauditor est V Dominus qui eripuit	re	H1F2R2	H1F2
Dominus qui eripuit me V Misit Deus misericordiam V Gloria	re	H1F2R3	H1F2
Percussit Saul mille V Nonne iste est David	re	H1F3R1	H1F3
Montes Gelboe V Omnes montes	re	H1F3R2	H1F3
Ego te tuli V Fecique tibi nomen V Gloria	re	H1F3R3	H1F3
Peccavi super numerum V Quoniam iniquitatem	re	H1F4R1	H1F4
Exaudisti Domine V Domine qui custodis	re	H1F4R2	H1F4
Audi Domine hymnum V Respice Domine de sancturaio V Gloria	re	H1F4R3	H1F4
Christum regem adoremus	in	H1F5I	H1F5
Christum regem adoremus (in feriis)	in	H1F5I2	H1F5
Sacris solemniis	hy	H1F5H	H1F5
Fructum salutiferum	an	H1F5N1A1	H1F5
A fructu frumenti	an	H1F5N1A2	H1F5
Communione calicis	an	H1F5N1A3	H1F5
Immolabit hoedum	re	H1F5N1R1	H1F5
Comedetis carnes	re	H1F5N1R2	H1F5
Respexit Elias	re	H1F5N1R3	H1F5
Memor sit	an	H1F5N2A1	H1F5
Paratur nobis mensa	an	H1F5N2A2	H1F5
In voce exsultationis	an	H1F5N2A3	H1F5
Coenantibus illis	re	H1F5N2R1	H1F5
Accepit Jesus	re	H1F5N2R2	H1F5
Ego sum panis vitae V Eg V Gloria	re	H1F5N2R3	H1F5
Introibo ad altare	an	H1F5N3A1	H1F5
Cibavit nos Dominus	an	H1F5N3A2	H1F5
Ex altari tuo	an	H1F5N3A3	H1F5
Qui manducat	re	H1F5N3R1	H1F5
Misit me vivens Pater V Cibavit	re	H1F5N3R2	H1F5
Cor Jesu amore	in	H2F6I	H2F6
Cor Jesu amore (in feriis)	in	H2F6I2	H2F6
Auctor beate saeculi	hy	H2F6H	H2F6
Cogitationes	an	H2F6N1A1	H2F6
Apud te est fons vitae	an	H2F6N1A2	H2F6
Homo pacis meae	an	H2F6N1A3	H2F6
Feriam eis V Et laetabor	re	H2F6N1R1	H2F6
Si inimicus V Et si is qui me	re	H2F6N1R2	H2F6
Cum essemus V Ut ostenderet V Gloria	re	H2F6N1R3	H2F6
Rex omnis terrae	an	H2F6N2A1	H2F6
Dum anxiaretur cor meum	an	H2F6N2A2	H2F6
Secundum multitudinem	an	H2F6N2A3	H2F6
Prope est Dominus V Miserator et misericors	re	H2F6N2R1	H2F6
Confiteor tibi V Ita Pater quoniam	re	H2F6N2R2	H2F6
Omnes Gentes V Et glorificabunt V Gloria	re	H2F6N2R3	H2F6
Qui diligitis Dominum confitemini	an	H2F6N3A1	H2F6
Viderunt omnes	an	H2F6N3A2	H2F6
Psallam tibi in nationibus	an	H2F6N3A3	H2F6
Ego si exaltatus fuero V Hoc autem	re	H2F6N3R1	H2F6
Simus ergo imitatores Dei V Sicut et Christus V Gloria	re	H2F6N3R2	H2F6
Recordare Domine testamenti V Ego sum qui peccavi	re	H4F2R1	H4F2
Domine si conversus V Si peccaverit	re	H4F3R1	H4F3
Factum est dum tolleret V Cumque pergerent	re	H4F3R2	H4F3
In principio Deus antequam V Quando praeparabat	re	08H1N1R1	08H1F1
Gyrum coeli V Ego in altissimis	re	08H1N1R2	08H1F1
Emitte Domine sapientiam V Da mihi V Gloria	re	08H1N1R3	08H1F1
Da mihi Domine sedium V  Mitte illam	re	08H1N2R1	08H1F1
Initium sapientiae V Dilectio	re	08H1N2R2	08H1F1
Verbum iniquum V Duo rogavite V Gloria	re	08H1N2R3	08H1F1
Domine pater et Deus V Ne derelinguas	re	08H1N3R1	08H1F1
Ne derelinquas me V Apprehende arma	re	08H1F2R1	08H1F2
Magna enim V Transtulisti illos	re	08H1F2R2	08H1F2
Quae sunt in corde V Omni enim corda	re	08H1F2R3	08H1F2
Praebe fili cor tuum V Attende fili mi	re	08H1F3R1	08H1F3
Si bona suscepimus V Nudus egressus sum	re	09H1N1R1	09H1F1
Antequam comedam suspiro V Ecce non est auxilium	re	09H1N1R2	09H1F1
Quare detraxistis V Quod justum est judicate V Gloria	re	09H1N1R3	09H1F1
Induta est caro mea V Dies mei velocius	re	09H1N2R1	09H1F1
Paucitas dierum meorum V Manus tuae Domine	re	09H1N2R2	09H1F1
Ne abscondas me V Corripe me V Gloria	re	09H1N2R3	09H1F1
Quis mihi tribuat V Numquid sicut dies	re	09H1N3R1	09H1F1
Versa est in luctum V Cutis mea denigrata	re	09H1F2R1	09H1F2
Utinam appenderentur V Quasi arena maris	re	09H1F2R2	09H1F2
Peto Domine V Omnia enim judicia	re	09H3N1R1	09H3F1
Omnia tempore V Inquire ut facias	re	09H3N1R2	09H3F1
Memor esto fili V In mente habeto eum V Gloria	re	09H3N1R3	09H3F1
Sufficiebat nobis V Heu me fili mi	re	09H3N2R1	09H3F1
Benedicite Deum coeli V Ipsum benedicite	re	09H3N2R2	09H3F1
Tempus est ut revertar V Confitemini V Gloria	re	09H3N2R3	09H3F1
Tribulationes civitatum V Peccavimus cum patribus	re	09H3N3R1	09H3F1
Adonai Domine V Benedictus est Dne qui non derelinquis	re	09H4N1R1	09H4F1
Benedixit te Dominus V Benedictus Dominus qui creavit V Gloria	re	09H4N1R3	09H4F1
Nos alium V Indulgentiam	re	09H4N2R1	09H4F1
Dominator Domine V Tu Domine cui	re	09H4N2R2	09H4F1
Domine Deus qui conteris V Allide virtutem eorum V Gloria	re	09H4N2R3	09H4F1
Conforta me Rex V Domine Rex univesae	re	09H4N3R1	09H4F1
Domine Rex omnipotens V Exaudi	re	09H5N1R1	09H5F1
Spem in alio V Domine Deus coeli V Gloria	re	09H5N1R3	09H5F1
Memento mei Deus in bono V Recordare mei Domine	re	09H5N2R1	09H5F1
Adaperiat V Exaudiat Dominus	re	10H1N1R1	10H1F1
Exaudiat Dominus V Det vobis cor	re	10H1N1R2	10H1F1
Congregati sunt inimici nostri V Disperge illos V Gloria	re	10H1N1R3	10H1F1
Impetum inimicorum V Mementote mirabilium	re	10H1N2R1	10H1F1
Congregatae sunt gentes V Tu scis quae cogitant	re	10H1N2R2	10H1F1
Tu es potentia V Creator omnium V Gloria	re	10H1N2R3	10H1F1
Refulsit sol in clypeos V Erat enim exercitus	re	10H1N3R1	10H1F1
Dixit Judas Simoni V Accingimini filii	re	10H1F2R1	10H1F2
Ornaverunt V In hymnis et confessionibus	re	10H1F2R2	10H1F2
In hymnis V Ornaverunt faciem V Gloria	re	10H1F2R3	10H1F2
Hic est fratrum amator V Vir iste in populo	re	10H1F3R1	10H1F3
Tu Domine universorum V Tu elegisti Domine	re	10H1F3R2	10H1F3
Aperi coelos tuos Domine V Afflige opprimentes V Gloria	re	10H1F3R3	10H1F3
Aspice Domine de sede V Qui regis Israel	re	11H1N1R2	11H1F1
Aspice Domine quia facta est V Plorans ploravit V Gloria	re	11H1N1R3	11H1F1
Super muros tuos V Praedicabunt	re	11H1N2R1	11H1F1
Muro tuo inexpugnabili V Erue nos in mirabilibus	re	11H1N2R2	11H1F1
Sustinuimus pacem V Peccavimus impie gessimus V Gloria	re	11H1N2R3	11H1F1
Laudabilis populus V Laudabilis populus	re	11H1N3R1	11H1F1
Redemit Dominus V Eritque anima eorum	re	11H1F2R1	11H1F2
Angustiae mihi V Si enim hoc egero	re	11H1F2R2	11H1F2
Misit Dominus V Misit Deus misericordiam V Gloria	re	11H1F2R3	11H1F2
A facie furoris tui V Domine Dominus noster	re	11H1F3R1	11H1F3
Civitatem istam V Avertatur furor	re	11H1F3R2	11H1F3
Genti peccatrici V Esto placabilis V Gloria	re	11H1F3R3	11H1F3
Indicabo te V Spera in Domino	re	11H1F4R1	11H1F4
Vidit Dominus Petrum et Andream	an	1130N1A1	1130
Venite post me dicit Dominus	an	1130N1A2	1130
Relictis retibus	an	1130N1A3	1130
Cum deambularet V Erant enim piscatores	re	1130N1R1	1130
Mox ut vocem V Hic est qui pro amore	re	1130N1R2	1130
Doctor bonus et amicus Dei Andreas V Salve crux V Gloria	re	1130N1R3	1130
Dignum sibi Dominus	an	1130N2A1	1130
Dilexit Andream	an	1130N2A2	1130
Biduo vivens	an	1130N2A3	1130
Homo Dei ducebatur V Cumque carnifices	re	1130N2R1	1130
O Bona Crux V Beatus Andreas expansis	re	1130N2R2	1130
Expandi manus meas V Deus ultionum V Gloria	re	1130N2R3	1130
Non me permittas	an	1130N3A1	1130
Andreas vero rogabat	an	1130N3A2	1130
Accipe me ab hominibus	an	1130N3A3	1130
Oravit sanctus Andreas V Tu es magister	re	1130N3R1	1130
Videns crucem Andreas V O bona Crux V Gloria	re	1130N3R2	1130
Immaculatam Conceptionem Virginis Mariae celebremus	in	1208I	1208
Praeclara custos	hy	1208H	1208
Admirabile est nomen tuum Domine in universa	an	1208N1A1	1208
In sole posuit Deus	an	1208N1A2	1208
In Conceptione sua	an	1208N1A3	1208
Per unum hominem V Eripuit Dominus	re	1208N1R1	1208
Transite ad me V Vivit Dominus	re	1208N1R2	1208
Electa mea candida V Veni de Libano V Gloria	re	1208N1R3	1208
Diffusa est... Conceptione	an	1208N2A1	1208
Adjuvit eam	an	1208N2A2	1208
Gloriosa dicta sunt	an	1208N2A3	1208
Ego ex ore Altissimi V Deus enim creavit me	re	1208N2R1	1208
Nihil inquinatum V Est enim haec speciosior	re	1208N2R2	1208
Signum magnum (sine alleluia) V Induit eam V Gloria	re	1208N2R3	1208
Sanctimonia	an	1208N3A1	1208
Laetamini omnes in Domino	an	1208N3A2	1208
Notum fecit Dominus opus suum	an	1208N3A3	1208
Hortus conclusus V Aperi mihi soror	re	1208N3R1	1208
Magnificat V Ecce enim ex hoc V Gloria	re	1208N3R2	1208
Lucia Virgo V Sicut per me civitas Cantanesium	re	1213N2R1	1213
Rogavi Dominum meum Jesum V Pro eo ut me	re	1213N2R2	1213
Grata facta est a Domino V Adjuvabit eam Deus V Gloria	re	1213N2R3	1213
Tu es pastor ovium	in	0118I	0118
Quodcumque in orbe	hy	0118H	0118
Simon Petre antequam V Quodcumque ligaveris	re	0118N1R1	0118
Si diligis me Simon V Si oportuerit me	re	0118N1R2	0118
Tu es Petrus V Quodcumque ligaveris V Gloria	re	0118N1R3	0118
Tu es pastor ovium V Quodcumque ligaveris	re	0118N2R1	0118
Ego pro te rogavi V Caro et sanguis non revelavit	re	0118N2R2	0118
Petre amas me V Simon Joannis diligis V Gloria	re	0118N2R3	0118
Quem dicunt homines V Beatus es Simon	re	0118N3R1	0118
Elegit te Dominus V Immola V Gloria	re	0118N3R2	0118
Discede a me pabulum	an	0121N1A1	0121
Dexteram meam et collum	an	0121N1A2	0121
Posuit signum in faciem	an	0121N1A3	0121
Diem festum... Agnes V Infantia	re	0121N1R1	0121
Dexteram meam et collum V Posuit signum	re	0121N1R2	0121
Amo Christum V Anulo fidei V Gloria	re	0121N1R3	0121
Induit me Dominus	an	0121N2A1	0121
Mel et lac ex ejus	an	0121N2A2	0121
Ipsi soli servo fidem	an	0121N2A3	0121
Induit me Dominus V Tradidit auribus	re	0121N2R1	0121
Mel et lac ex ejus V Ostendit mihi	re	0121N2R2	0121
Jam corpus ejus corpori V Ipsi sum desponsata V Gloria	re	0121N2R3	0121
Cujus pulchritudinem	an	0121N3A1	0121
Christus circumdederit me vernantibus	an	0121N3A2	0121
Ipsi sum desponsata	an	0121N3A3	0121
Ipsi sum desponsata V Dexteram meam et collum	re	0121N3R1	0121
Omnipotens adorande V Te confiteor labiis V Gloria	re	0121N3R2	0121
Laudemus Deum nostrum in convesione	in	0125I	0125
Egregie Doctor Paule	hy	0125H	0125
Qui operatus est Petro	an	0125N1A1	0125
Scio cui credidi	an	0125N1A2	0125
Mihi vivere Christus est	an	0125N1A3	0125
Qui operatus est Petro V Gratia Dei in me	re	0125N1R1	0125
Bonum certamen certavi V Scio cui credidi	re	0125N1R2	0125
Reposita est mihi corona V Scio cui credidi V Gloria	re	0125N1R3	0125
Tu es vas electionis	an	0125N2A1	0125
Magnus sanctus Paulus	an	0125N2A2	0125
Bonum certamen certavi	an	0125N2A3	0125
Tu es vas electionis V Intercede pro nobis	re	0125N2R1	0125
Gratia Dei sum id quod V Qui operatus est	re	0125N2R2	0125
Saulus qui et Paulus magnus V Ostendens quia V Gloria	re	0125N2R3	0125
Saulus qui et Paulus magnus	an	0125N3A1	0125
Ne magnitudo revelationum	an	0125N3A2	0125
Reposita est mihi corona	an	0125N3A3	0125
Sancte Paule Apostole V Tu es vas electionis	re	0125N3R1	0125
Damasci praepositus gentis V Deus et Pater V Gloria	re	0125N3R2	0125
Martinae celebri plaudite nomini	hy	0130H	0130
Ecce venit ad templum	in	0202I	0202
Adorna thalamum tuum V Accimiens Simeon	re	0202N1R1	0202
Postquam impleti sunt V Obtulerunt pro eo	re	0202N1R2	0202
Obtulerunt pro eo V Posquam autem impleti V Gloria	re	0202N1R3	0202
Simeon justus V Responsum acceperat	re	0202N2R1	0202
Responsum acceperat V Cum inducerent puerum	re	0202N2R2	0202
Cum inducerent... Simeon V Suscipiens Simeon puerum V Gloria	re	0202N2R3	0202
Suscipiens Jesum in ulnas V Cum inducerent puerum	re	0202N3R1	0202
Senex puerum portabat V Accipiens Simeon V Gloria	re	0202N3R2	0202
Ingenua sum	an	0205N1A1	0205
Summa ingenuitas	an	0205N1A2	0205
Ancilla Christi sum	an	0205N1A3	0205
Dum ingrederetur beata Agathes V Ego autem habeo	re	0205N1R1	0205
Agathes laetissima V Nobilissimis orta	re	0205N1R2	0205
Quis es tu qui venisti V Nam et ego Apostolus V Gloria	re	0205N1R3	0205
Agatha sancta dixit	an	0205N2A1	0205
Si ignem adhibeas	an	0205N2A2	0205
Agathes laetissima	an	0205N2A3	0205
Ego autem adjuvata V Gratias tibi ago	re	0205N2R1	0205
Ipse me coronavit V Ipse me dignatus est	re	0205N2R2	0205
Vidisti Domine et expectavi V Propter veritatem V Gloria	re	0205N2R3	0205
Nisi diligenter perfeceris	an	0205N3A1	0205
Vidisti Domine agonem meum	an	0205N3A2	0205
Propter fidem castitatis	an	0205N3A3	0205
Beata Agatha V Domine qui me creasti	re	0205N3R1	0205
Medicinam carnalem V Qui me dignatus est V Gloria	re	0205N3R2	0205
Immaculatam Conceptionem Mariae celebremus	in	0211I	0211
Te dicimus praeconio	hy	0211H	0211
Ave gratia plena dominus tecum	an	0211N1A1	0211
Benedicta tu inter mulieres	an	0211N1A2	0211
Ne timeas Maria	an	0211N1A3	0211
Sapientia quae V Vidi sanctam civitatem	re	0211N1R1	0211
Quasi arcus V Arcum meum ponam	re	0211N1R2	0211
Surge amica mea V Vox turturis V Gloria	re	0211N1R3	0211
Fecit mihi magna qui potens est	an	0211N2A1	0211
Sanctificavit tabernacula	an	0211N2A2	0211
Dominus possedit te	an	0211N2A3	0211
Quae est ista V Ipsa est columba mea	re	0211N2R1	0211
Erit in novissimis diebus V Sicut laetantium	re	0211N2R2	0211
Praevenisti eam Domine V Magna est gloria V Gloria	re	0211N2R3	0211
Manus Domini confortavit	an	0211N3A1	0211
Noli metuere	an	0211N3A2	0211
Benedixit te Dominus in virtute	an	0211N3A3	0211
Tu erga invoca V Omnes sitientes	re	0211N3R1	0211
Plantavit Dominus Deus paradisum V Emissiones V Gloria	re	0211N3R2	0211
Bella dum late furerent	hy	0212H	0212
Christum Dei Filium qui putari	in	0319I	0319
Coelitum Joseph decus	hy	0319H	0319
Ascendit Joseph	an	0319N1A1	0319
Venerunt pastores festinantes	an	0319N1A2	0319
Ecce Angelus Domini	an	0319N1A3	0319
Fuit Dominus V Quidquid fiebat	re	0319N1R1	0319
Esuriente terra Aegypti V Crescebat quotidie	re	0319N1R2	0319
Fecit me Dominus V Venite ad me V Gloria	re	0319N1R3	0319
Consurgens Joseph... secessit... et erat	an	0319N2A1	0319
Defuncto Herode	an	0319N2A2	0319
Accepit Joseph Puerum	an	0319N2A3	0319
Ascendit Joseph V Ut profiteretur	re	0319N2R1	0319
Surge et accipe Puerum V Ut adimpleretur	re	0319N2R2	0319
Cum inducerent... secundum V Suscipiens Simeon puerum V Gloria	re	0319N2R3	0319
Audiens Joseph	an	0319N3A1	0319
Admonitus in somnis Joseph	an	0319N3A2	0319
Erat pater Jesu	an	0319N3A3	0319
Dicit mater Jesu V Et ait ad illos	re	0319N3R1	0319
Descendit Jesus V Proficiebat sapientia V Gloria	re	0319N3R2	0319
Regem Archangelorum	in	0324I	0324
Christe sanctorum decus	hy	0324H	0324
Dixit Angelus Gabriel ad Danielem	an	0324N1A1	0324
Ecce vir Gabriel	an	0324N1A2	0324
Cumque Gabriel	an	0324N1A3	0324
Cum oraret Daniel V Cumque prosterneret	re	0324N1R1	0324
Locutus est Gabriel V Tu autem animadverte	re	0324N1R2	0324
Ecce vir Gabriel V Gabriel fac V Gloria	re	0324N1R3	0324
Gabriel Angelus apparuit	an	0324N2A1	0324
Et dixit Zacharias ad Angelum	an	0324N2A2	0324
Respondens autem Angelus	an	0324N2A3	0324
Factum est cum sacerdotio V Cumque ingressus	re	0324N2R1	0324
Descendit Gabriel Angelus V Et Zacharias turbatus	re	0324N2R2	0324
Ego sum Gabriel V Pro eo quod non credidisti V Gloria	re	0324N2R3	0324
Missus est Gabriel	an	0324N3A1	0324
Gabriel Angelus Mariae dixit	an	0324N3A2	0324
Suscipe verbum Virgo	an	0324N3A3	0324
Missus est Gabriel V Quae cum audisset	re	0324N3R1	0324
Gaude Maria Virgo V Benedicta tu V Gloria	re	0324N3R2	0324
Ave Maria gratia plena	in	0325I	0325
Missus est Gabriel V Dabit ei Dominus	re	0325N1R1	0325
Ave Maria gratia plena V Quomodo fiet	re	0325N1R2	0325
Suscipe verbum V Paries V Gloria	re	0325N1R3	0325
Ecce virgo concipiet V Super solium David	re	0325N2R1	0325
Egredietur virga de radice Jesse V Et requiescet super eum	re	0325N2R2	0325
Sancta et immaculata Virginitas V Benedicta tu V Gloria	re	0325N2R3	0325
Congratulamini... parvula V Beatam me dicent	re	0325N3R1	0325
Gaude Maria Virgo V Beata es quae V Gloria	re	0325N3R2	0325
Dolores gloriosae recolentes	in	Q5F6I	Q5F6b
Sancta Mater istud agas	hy	Q5F6H	Q5F6b
Astiterunt reges terrae	an	Q5F6N1A1	Q5F6b
Voce mea ad Dominum	an	Q5F6N1A2	Q5F6b
Factum est cor meum tamquam cera	an	Q5F6N1A3	Q5F6b
Dilectus meus candidus V Piis o Virgo	re	Q5F6N1R1	Q5F6b
Manus ejus tornatiles V Cornua in manibus	re	Q5F6N1R2	Q5F6b
Diligebat Jesus Joannem V In cruce denique V Gloria	re	Q5F6N1R3	Q5F6b
Inimici mei dixerunt mala mihi quando	an	Q5F6N2A1	Q5F6b
Deus vitam meam annuntiavi tibi	an	Q5F6N2A2	Q5F6b
Filii hominum dentes eorum	an	Q5F6N2A3	Q5F6b
Tenebrae factae sunt V Quis tibi nunc sensus	re	Q5F6N2R1	Q5F6b
Passio Domini ipsam ejus V Ferum lanceae	re	Q5F6N2R2	Q5F6b
Quis mihi det te fratrem meum V Filii tui a longe venient V Gloria	re	Q5F6N2R3	Q5F6b
Intenderunt arcum	an	Q5F6N3A1	Q5F6b
Factus sum sicut homo	an	Q5F6N3A2	Q5F6b
Replevit me a maritudine	an	Q5F6N3A3	Q5F6b
Doleo super te V Defecit in dolore	re	Q5F6N3R1	Q5F6b
Eia mater fons amoris V Ut sicut filius V Gloria	re	Q5F6N3R2	Q5F6b
Locuti sunt adversum me V Et posuerunt adversum	re	Q6F4R1	Q6F4
Regali solio fortis Iberiae	hy	0413H	0413
Laudemus Deum nostrum in veneratione beati Joseph	in	P2F4I	P2F4
Te Joseph celebrent agmina	hy	P2F4H	P2F4
Angelus Domini apparuit in somnis... fuge	an	P2F4N1A	P2F4
Clamavit populus ad regem V Salus nostra in manu	re	P2F4N1R1	P2F4
Fecit me Dominus V Venite ad me	re	P2F4N1R2	P2F4
Jam laetus moriar V Qui pascit V Gloria	re	P2F4N1R3	P2F4
Angelus Domini apparuit in somnis... vade	an	P2F4N2A	P2F4
Dedisti mihi protectionem salutis V Ego protector	re	P2F4N2R1	P2F4
Statuet filios suos sub tegmine V Sperate in eo	re	P2F4N2R2	P2F4
Si consistant adversum me V In te cantatio V Gloria	re	P2F4N2R3	P2F4
Consurgens Joseph... venit	an	P2F4N3A	P2F4
Joseph fili David V Ipse enim salvum	re	P2F4N3R1	P2F4
Surge et accipe Puerum V Ut adimpleretur V Gloria	re	P2F4N3R2	P2F4
Regem regum Dominum qui putari	in	0501I	0501b
Te pater Joseph opifex	hy	0501H	0501b
Exit homo ad opus	an	0501N1A	0501b
Sex diebus operaberis V Sex enim diebus	re	0501N1R1	0501b
Posuit Dominux V Haec erat conditio	re	0501N1R2	0501b
Post peccatum V Et in sudore V Gloria	re	0501N1R3	0501b
Jesus cum esset triginta	an	0501N2A	0501b
Non facies V Dignus est enim operarius	re	0501N2R1	0501b
Dedisti mihi protectionem salutis V Ego protector tuus	re	0501N2R2	0501b
Miser ego sum et pauper V Laborem mannum tuarum V Gloria	re	0501N2R3	0501b
Nonne hic est fabri filius	an	0501N3A	0501b
Jesus erat in cipiens V Faber autem	re	0501N3R1	0501b
Unde huic sapientia V Ita dicebant V Gloria	re	0501N3R2	0501b
Christum Regem crucifixum venite	in	0503I	0503
Pange lingua... Lauream	hy	0503H	0503
Inventae Crucis festa recolimus	an	0503N1A	0503
Gloriosum diem V In ligno pendes	re	0503N1R1	0503
Crux fidelis inter omnes V Super omnia ligna	re	0503N1R2	0503
Haec est arbor dignissima V Crux praecellenti V Gloria	re	0503N1R3	0503
Felix ille triumphus	an	0503N2A	0503
Nos autem gloriari V Tuam Crucem adoramus	re	0503N2R1	0503
Dum sacrum pignus V Ad crucis contactum	re	0503N2R2	0503
Hoc signum Crucis V Cum sederit Filius V Gloria	re	0503N2R3	0503
Adoramus te Christe... quia per Crucem	an	0503N3A	0503
Dulce lignum V Hoc signum Crucis erit	re	0503N3R1	0503
Sicut Moyses exaltavit V Non misit Deus V Gloria	re	0503N3R2	0503
Te splendor et virtus Patris	hy	0508H	0508
Concussum est mare... alleluia	an	0508N1A	0508
Factum est silentium in coelo V Millia millium	re	0508N1R1	0508
Stetit Angelus super aram V In conspectu Angelorum	re	0508N1R2	0508
In conspectu Angelorum V Super misericordia V Gloria	re	0508N1R3	0508
Michael Archangele venit in adjutorium... alleluia	an	0508N2A	0508
Hic est Michael Archangelus V Archangelus Michael praepositus	re	0508N2R1	0508
Venit Michael Archangelus V Emitte Domine Spiritum	re	0508N2R2	0508
In tempore illo consurget V In tempore illo salvabitur V Gloria	re	0508N2R3	0508
Angelus Archangelus Michael Dei nuntius... alleluia alleluia	an	0508N3A	0508
In conspectu Gentium V Stetit Angelus juxta	re	0508N3R1	0508
Michael Archangelus venit V Stetit Angelus juxta aram V Gloria	re	0508N3R2	0508
Athleta Christi nobilis	hy	0518H	0518
Christum regem qui suam coronavit Matrem	in	0531I	0531b
Rerum suprem in vertice	hy	0531H	0531b
Regalem dignitatem V Gloriam Reginae	re	0531N1R2	0531b
Elegit eam Deus V Et in tabernaculo V Gloria	re	0531N1R3	0531b
Suscipe verbum Virgo Maria V Et regina	re	0531N2R1	0531b
Ecce positus est hic V Ave Christi Mater	re	0531N2R2	0531b
Signum magnum...alleluia V Cujus filius regnat V Gloria	re	0531N2R3	0531b
Exaltata es sancta Dei Genitrix V Intercede pro nobis V Gloria	re	0531N3R2	0531b
Coelestis Agni nuptias O Juliana	hy	0619H	0619
Regem Praecursoris Dominum Venite	in	0624I	0624
Antra deserti teneris	hy	0624H	0624
Priusquam te formarem	an	0624N1A1	0624
Ad omnia quae mittam te	an	0624N1A2	0624
Ne timeas a facie eorum quia ego	an	0624N1A3	0624
Fuit homo missus a Deo cui nomen V Erat Joannes in deserto	re	0624N1R1	0624
Elizabeth Zachariae V Fuit homo	re	0624N1R2	0624
Priusquam te formarem V Vir dilectus a Deo V Gloria	re	0624N1R3	0624
Misit Dominus manum suam	an	0624N2A1	0624
Ecce dedi veba mea in ore tuo ecce	an	0624N2A2	0624
Dominus ab utero vocavit	an	0624N2A3	0624
Descendit Angelus Domini ad Zachariam V Iste puer magnus	re	0624N2R1	0624
Hic Praecursor dilectus V Ipse praeibit ante	re	0624N2R2	0624
Inuebant patri ejus V Apertum est os Zachariae V Gloria	re	0624N2R3	0624
Posuit os meum Dominus quasi gladium	an	0624N3A1	0624
Formans me ex utero servum	an	0624N3A2	0624
Reges videbunt et consurgent principes	an	0624N3A3	0624
Praecursor Domini venit V Hic est enim propheta	re	0624N3R1	0624
Gabriel Angelus apparuit Zachariae V Erit enim magnus V Gloria	re	0624N3R2	0624
Domine si tu es jube me V Cumque vidisset ventum validum	re	0629N2R1	0629
Christum Dei Filium qui suo nos redemit Sanguine	in	0701I	0701
Ira justa Conditoris	hy	0701H	0701
Postquam consummati sunt	an	0701N1A1	0701
Factus in agonia prolixius orabat	an	0701N1A2	0701
Judas qui eum tradidit poenitentia ductus	an	0701N1A3	0701
Jesus ut sanctificaret per suum sanguinem V Nondum enim usque	re	0701N1R1	0701
Moyses sumptum sanguinem V Fide celebravit	re	0701N1R2	0701
Vos qui aliquando eratis V Complacuit per eum V Gloria	re	0701N1R3	0701
Pilatus volens populo satis	an	0701N2A1	0701
Videns autem quia nihil proficeret	an	0701N2A2	0701
Et respondens universus	an	0701N2A3	0701
In timore incolatus V Sed pretioso sanguine	re	0701N2R1	0701
Empti estis pretio magno V Pretio empti estis	re	0701N2R2	0701
Commendat caritatem V Multo igitur magis V Gloria	re	0701N2R3	0701
Exivit ergo Jesus portans coronam	an	0701N3A1	0701
Et bajulans sibi crucem	an	0701N3A2	0701
Ut viderunt eum jam mortuum	an	0701N3A3	0701
Hic est qui venit per aquam V In die illa erit fons	re	0701N3R1	0701
Praedestinavit nos Deus in adoptionem V Remissionem V Gloria	re	0701N3R2	0701
Visitationem Virginis Mariae celebremus	in	0702I	0702
Surge propera amica mea formosa V Intravit Maria	re	0702N1R1	0702
Repleta est Spiritu Sancto Elisabeth V Ecce enim ut facta V Gloria	re	0702N1R3	0702
Ecce iste venit saliens V Exsultavit ut gigas	re	0702N2R1	0702
Beata quae credidisti quoniam V Venite et audite V Gloria	re	0702N2R3	0702
Sedibus coeli nitidis	hy	0707H	0707
Laudemus Deum nostrum in sanctis... Elisabeth	in	0708I	0708
Domare cordis impetus Elisabeth	hy	0708H	0708
Laudemus Deum nostrum in Conversione Mariae Magdalenae	in	0722I	0722
Maria castis osculis Lambit	hy	0722H	0722
Maria Magdalenae et altera V Et valde mane	re	0722N1R1	0722
Congratulamini... quaerebam V Recedentibus discipulis	re	0722N1R2	0722
Tulerunt Dominum meum V Cum ergo fleret V Gloria	re	0722N1R3	0722
Surge Petre V Angelus autem Domini astitit	re	0801N2R2	0801
Summum Regem gloriae Christum adoremus	in	0806I	0806
Quicumque Christum quaeritis	hy	0806H	0806
Paulo minus ab Angelis minoratus	an	0806N1A1	0806
Revelavit Dominus condensa	an	0806N1A2	0806
Speciosus forma prae filis hominum	an	0806N1A3	0806
Surge illuminare Jerusalem V Et ambulabunt Gentes	re	0806N1R1	0806
In splendenti nube V Apparuit nubes	re	0806N1R2	0806
Videte qualem charitatem V Scimus quoniam V Gloria	re	0806N1R3	0806
Illuminans tu mirabiliter	an	0806N2A1	0806
Melior est dies una in atriis tuis	an	0806N2A2	0806
Gloriosa dicta sunt de te civitas Dei	an	0806N2A3	0806
Inebriati sunt ab ubertate V Quoniam apud te est fons	re	0806N2R1	0806
Praeceptor bonum est V Non enim sciebat	re	0806N2R2	0806
Si ministratio mortis V Amplioris enim gloriae V Gloria	re	0806N2R3	0806
Thabor et Hermon in nomine tuo	an	0806N3A1	0806
Lux orta est justo et rectis corde laetitia	an	0806N3A2	0806
Confessionem et decorem induit	an	0806N3A3	0806
Vocavit nos deus vocatione sua V Qui destruxit mortem	re	0806N3R1	0806
Deus qui fecit de tenebris lumen V Exortum est V Gloria	re	0806N3R2	0806
Beatus Laurentius Christi Martyr triumphat	in	0810I	0810
Quo progrederis sine filio	an	0810N1A1	0810
Non me derelinque pater sancte	an	0810N1A2	0810
Non ego te desero fili	an	0810N1A3	0810
Levita Laurentius V Dispersit dedit pauperibus	re	0810N1R1	0810
Puer meus noli timere qui V Liberabo te	re	0810N1R2	0810
Strinxerunt corporis V Mea nox obscurum V Gloria	re	0810N1R3	0810
Beatus Laurentius orabat	an	0810N2A1	0810
Dixit Romanus ad beatum Laurentium	an	0810N2A2	0810
Beatus Laurentius dixit	an	0810N2A3	0810
Quo progrederis sine filio V Quid in me ergo displicuit	re	0810N2R1	0810
Non me derelinque V Nos quasi senes levioris	re	0810N2R2	0810
Beatus Laurentius clamavit V Mea nox obscurum V Gloria	re	0810N2R3	0810
Strinxerunt corporis	an	0810N3A1	0810
Igne me examinasti	an	0810N3A2	0810
Interrogatus te Dominum confessus sum	an	0810N3A3	0810
In craticula te Deum non negavi V Probasti Domine	re	0810N3R1	0810
O Hippolyte si credis V Beatus Laurentius V Gloria	re	0810N3R2	0810
Venite adoremus Regem regum... assumpta	in	0815I	0815
Surge jam terris	hy	0815H	0815
Exaltata est sancta	an	0815N1A1	0815
Paradisi portae	an	0815N1A2	0815
Benedicta tu in mulieribus	an	0815N1A3	0815
Vidi speciosam sicut V Quae est ista	re	0815N1R1	0815
Beata es Maria quae V Ave Maria V Gloria	re	0815N2R3	0815
Diffusa est V Myrrha	re	0815N3R1	0815
Beata es Virgo Maria Dei Genitrix V Ave Maria V Gloria	re	0815N3R2	0815
Misit Herodes rex V Arguebat	re	0829N1R1	0829
Joannes Baptista arguebat V Misso Herodes	re	0829N1R2	0829
Puellae saltanti V Ait puella matri V Gloria	re	0829N1R3	0829
Nativitatem Virginis Mariae celebremus	in	0908I	0908
Hodie nata est beata V Beatissimae Virginis	re	0908N1R1	0908
Beatissimae Virginis V Cum jucunditate Nativitatem	re	0908N1R2	0908
Gloriosae... Nativitatem V Beatissimae V Gloria	re	0908N1R3	0908
Nativitas gloriosae Virginis Mariae ex semine V Hodie nata	re	0908N2R1	0908
Cum jucunditate celebremus Nativitatem V Corde et animo	re	0908N2R2	0908
Nativitas tua Dei Genitrix V Benedicta tu V Gloria	re	0908N2R3	0908
Christum Regem pro nobis in Cruce	in	0914I	0914
Nobile lignum exaltatur	an	0914N1A1	0914
Sancta Crux extollitur	an	0914N1A2	0914
O Crux venerabilis	an	0914N1A3	0914
O Crucis victoria	an	0914N2A1	0914
Funestae mortis damnatur supplicium	an	0914N2A2	0914
Rex exaltatur in aethera cum nobile	an	0914N2A3	0914
Adoramus te Christe... quia per Crucem	an	0914N3A1	0914
Per lignum servi facti sumus	an	0914N3A2	0914
Salvator mundi salva nos qui per Crucem	an	0914N3A3	0914
Stemus juxta Crucem cum Maria	in	0915I	0915
O quot undis	hy	0915H	0915
Multiplicati sunt qui tribulant	an	0915N1A1	0915
Paraverunt sagittas suas	an	0915N1A2	0915
Defecit in dolore vite mea	an	0915N1A3	0915
Simeon vir justus et timoratus V Ne vocetis	re	0915N1R1	0915
Surge et accipe Puerum V Vocavi Filium meum	re	0915N1R2	0915
Fili quid fecisti nobis sic V Quid est quod V Gloria	re	0915N1R3	0915
Factum est cor meum tamquam cera	an	0915N2A1	0915
Deus vitam meam annuntiavi tibi	an	0915N2A2	0915
Fuerunt mihi lacrymae	an	0915N2A3	0915
Jesum bajulantem sibi V Filiae Jerusalem	re	0915N2R1	0915
Postquam venerunt in locum V Tunc beatam	re	0915N2R2	0915
Joseph de Arimathaea V Dolens Sunamitis V Gloria	re	0915N2R3	0915
Intenderunt arcum	an	0915N3A1	0915
Anima mea turbata est	an	0915N3A2	0915
Deus adjutor in tribulationibus	an	0915N3A3	0915
Qui tibi sensus fuit o Mater V Considerate	re	0915N3R1	0915
In toto corde tuo V Ave princeps generosa V Gloria	re	0915N3R2	0915
Iste Confessor... vulnera (S. Francisci)	hy	0917H	0917
Concussum est mare	an	0929N1A1	0929
Laudemus Dominum	an	0929N1A2	0929
Ascendit fumus	an	0929N1A3	0929
Michael Archangele	an	0929N2A1	0929
Michael praepositus	an	0929N2A2	0929
Gloriosus apparuisti	an	0929N2A3	0929
Angelus Archangelus	an	0929N3A1	0929
Data sunt ei	an	0929N3A2	0929
Multa magnalia	an	0929N3A3	0929
Regem Angelorum Dominum Venite adoremus	in	1002I	1002
Custodes hominum psallimus Angelos	hy	1002H	1002
Dominus Deus coeli et terrae ipse mittet	an	1002N1A1	1002
Deus meus misit Angelum suum	an	1002N1A2	1002
Bene ambuletis et Dominus sit in itinere	an	1002N1A3	1002
Angelis suis mandavit de te V Millia millium	re	1002N1R1	1002
Respondit Angelus Domini V Iste enim septuagesimus	re	1002N1R2	1002
In conspectu Gentium V Stetit Angelus juxta V Gloria	re	1002N1R3	1002
Cum essem vobiscum per voluntatem	an	1002N2A1	1002
Tollens se Angelus Domini	an	1002N2A2	1002
Imittet Angelus Domini in circuitu	an	1002N2A3	1002
Vivit ipse Dominus quoniam V Et non permisit me	re	1002N2R1	1002
Angelus Domini descendit cum Azaria V Benedictus Deus eorum	re	1002N2R2	1002
In omni tribulatione eorum V In dilectione V Gloria	re	1002N2R3	1002
Misit Dominus Angelum suum qui percussit	an	1002N3A1	1002
Adorate Dominum omnes angeli	an	1002N3A2	1002
Benedicite Domino omnes angeli	an	1002N3A3	1002
Machabaeus et qui cum eo V Cum pariter prompto	re	1002N3R1	1002
Tu Domine qui misisti Angelum V Ut metuant V Gloria	re	1002N3R2	1002
Solemnitatem Rosarii	in	1007I	1007
In monte olivis consito Redemptor	hy	1007H	1007
Angelus Gabriel nuntiavit Mariae	an	1007N1A1	1007
Intravit Maria in domum	an	1007N1A2	1007
Peperit filium suum primogenitum	an	1007N1A3	1007
Sumite psalterium V Cantate ei canticum novum	re	1007N1R1	1007
Vidi speciosam sicut V Astitit Regina	re	1007N1R2	1007
Cum inducerent Jesum	an	1007N2A1	1007
Requirentes Jesum parentes	an	1007N2A2	1007
Coepit constristari et factus	an	1007N2A3	1007
Tu gloria Jerusalem V Pulchra es	re	1007N2R1	1007
Dextera tua magnificata est V Benedixit te Dominus	re	1007N2R2	1007
Apprehendit Pilatus Jesum	an	1007N3A1	1007
Milites plectentes coronam	an	1007N3A2	1007
Crucis imperium super humerum	an	1007N3A3	1007
Ego quasi vitis V Ego mater pulchrae	re	1007N3R1	1007
Surge propera amica mea jam enim V Dominus dabit V Gloria	re	1007N3R2	1007
Maternitatem beatae Virginis Mariae celebremus	in	1011I	1011
Coelo Redemptor praetulit	hy	1011H	1011
Felix es sacra Virgo V Maternitatem	re	1011N1R1	1011
Sine tactu pudoris V Benedicta tu	re	1011N1R2	1011
Multae filiae congregaverunt V Sentiant omnes tuum V Gloria	re	1011N1R3	1011
Gloriosae... Maternitatem V Christo canamus gloriam	re	1011N2R1	1011
Benedicta filia tua V Nostras deprecationes	re	1011N2R2	1011
Benedicta tu inter mulieres... unde hoc mihi V Respexit V Gloria	re	1011N2R3	1011
Beata es Virgo Maria quae V Diffusa est	re	1011N3R1	1011
Regis superni nuntia	hy	1015H	1015
Corpus domas jejuniis	hy	1020H	1020
Christe sanctorum decus Angelorum	hy	1024H	1024
Egressus Tobias invenit	an	1024N1A1	1024
Angelus Raphael seipsum	an	1024N1A2	1024
Sanum ducam filium	an	1024N1A3	1024
In illo tempore exauditae V Tobias et Sara	re	1024N1R1	1024
Egressus Tobias invenit V Eg ignorans	re	1024N1R2	1024
Ingressus Angelus ad Tobiam V Et respondens Tobias V Gloria	re	1024N1R3	1024
Dixit autem Angelus apprehende	an	1024N2A1	1024
Obsecro te Azaria frater	an	1024N2A2	1024
Lumina fel sanat sed virtus	an	1024N2A3	1024
Interrogavit Tobias Angelum V Genus quaeris	re	1024N2R1	1024
Exivit Tobias ut lavaret V Attraxit autem	re	1024N2R2	1024
Ubi introieris domum tuam V Tolle tecum V Gloria	re	1024N2R3	1024
Est hic Sara Raguelis	an	1024N3A1	1024
Septem viros habuit quos	an	1024N3A2	1024
Per tres dies orationi cum uxore	an	1024N3A3	1024
Benedicite Deum coeli dixit Angelus V Ipsum benedicite	re	1024N3R1	1024
Tempus est ut revertar ad eum V Confitemini ei V Gloria	re	1024N3R2	1024
Jesum Christum Regem regum	in	10H5I	10H5F1
Aeterna imago altissimi	hy	10H5H	10H5F1
Ego autem constitutus	an	10H5N1A1	10H5F1
Gloria et honore	an	10H5N1A2	10H5F1
Elevamini portae aeternales	an	10H5N1A3	10H5F1
Super Solium David V Multiplicabitur ejus	re	10H5N1R1	10H5F1
Aspiciebam in visu V Potestas ejus	re	10H5N1R2	10H5F1
Tu Bethlehem V Egressus ejus V Gloria	re	10H5N1R3	10H5F1
Sedebit Dominus Rex	an	10H5N2A1	10H5F1
Virga directationis	an	10H5N2A2	10H5F1
Psallite Rege nostro	an	10H5N2A3	10H5F1
Exsulta satis V Potestas ejus a mari	re	10H5N2R1	10H5F1
Opportet illum V Cum subjecta	re	10H5N2R2	10H5F1
Fecit nos regnum V Ipse est primogenitus V Gloria	re	10H5N2R3	10H5F1
Benedicentur in ipso	an	10H5N3A1	10H5F1
Et ego primogenitum	an	10H5N3A2	10H5F1
Thronus ejus	an	10H5N3A3	10H5F1
Factum est regnum huius mundi V Adorabunt in conspectu	re	10H5N3R1	10H5F1
Decem cornua quae vidisti V Regnavit V Gloria	re	10H5N3R2	10H5F1
Regem regum Dominum	in	1101I	1101
Placare Christe servulis	hy	1101H	1101
Novit Dominus	an	1101N1A1	1101
Mirificavit Dominus	an	1101N1A2	1101
Admirabile est nomen tuum Domine qui gloria	an	1101N1A3	1101
Vidi Dominum sedentem V Seraphim stabant	re	1101N1R1	1101
Domine qui operati sunt	an	1101N2A1	1101
Haec est generatio	an	1101N2A2	1101
Laetamini in Domino	an	1101N2A3	1101
Timete Dominum	an	1101N3A1	1101
Domine spes Sanctorum	an	1101N3A2	1101
Qui diligitis Dominum laetamini	an	1101N3A3	1101
Laudemus Deum nostrum... Martini	in	1111I	1111
Martinus adhuc	an	1111N1A1	1111
Sanctae Trinitatis fidem Martinus	an	1111N1A2	1111
Ego signo crucis non clypeo	an	1111N1A3	1111
Hic est Martinus electus V Sanctae Trinitatis fidem	re	1111N1R1	1111
Domine si adhuc populo V Oculis ac manibus	re	1111N1R2	1111
O beatum virum Martinum V Domine si adhuc V Gloria	re	1111N1R3	1111
Confido in Domino	an	1111N2A1	1111
Tetradius cognita	an	1111N2A2	1111
O ineffabilem virum	an	1111N2A3	1111
Oculis ac manibus V Dum sacramenta	re	1111N2R1	1111
Beatus Martinus obitum V Viribus corporis	re	1111N2R2	1111
Dixerunt discipuli... Martinum V Scimus quidem V Gloria	re	1111N2R3	1111
Dominus Jesus Christus non se inquit	an	1111N3A1	1111
Sacerdos Dei Martine aperti	an	1111N3A2	1111
Sacerdos Dei Martine pastor	an	1111N3A3	1111
O beatum virum in cujus V Ecclesia virtute	re	1111N3R1	1111
Martinus Abrahae sinu V Martinus episcopus V Gloria	re	1111N3R2	1111
Caecilia virgo Almachium	an	1122N1A1	1122
Expansis manibus orabat	an	1122N1A2	1122
Cilicio Caecilia	an	1122N1A3	1122
Cantantibus organis V Biduanis ac triduanis	re	1122N1R1	1122
O beata Caecilia V Quasi apis argumentosa	re	1122N1R2	1122
Virgo gloriosa semper Evangelium V Expansis manibus V Gloria	re	1122N1R3	1122
Domine Jesu Christe seminator casti	an	1122N2A1	1122
Beata Caecilia dixit ad	an	1122N2A2	1122
Fiat Domine cor meum et corpus 	an	1122N2A3	1122
Cilicio Caecilia V Haec est Cirgo sapiens	re	1122N2R1	1122
Caeciliam intra cubiculo V Angelus Domini descendit	re	1122N2R2	1122
Domine Jesu Christe pastor V Nam sponsum quem V Gloria	re	1122N2R3	1122
Credimus Christum Filium Dei verum Deum	an	1122N3A1	1122
Nos scientes sanctum nomen	an	1122N3A2	1122
Tunc Valerianus perrexit ad	an	1122N3A3	1122
Beata Caecilia dixit Tiburtio V Sicut enim amor	re	1122N3R1	1122
Caecilia me misit ad vos V Tunc Valerianus V Gloria	re	1122N3R2	1122
Orante sancto Clemente V Vidi supra montem	re	1123N2R1	1123
Omnes una voce dixerunt V Non meis	re	1123N2R2	1123
Dedisti Domine habitaculum V Dedisti Domine Sanctis V Gloria	re	1123N2R3	1123
Regem apostolorum Dominum venite (simplex)	in	APEXIa	APEX
Regem apostolorum Dominum venite (duplex)	in	APEXIb	APEX
Regem apostolorum Dominum venite (1.2.classis)	in	APEXIc	APEX
Aeterna Christi munera	hy	APEXH	APEX
In omnem terram exivit sonus	an	APEXN1A1	APEX
Clamaverunt justi et Dominus	an	APEXN1A2	APEX
Constitues eos principes	an	APEXN1A3	APEX
Ecce ego mitto vos sicut V Dum lucem habetis	re	APEXN1R1	APEX
Tollite jugum meum super vos V Et invenietis	re	APEXN1R2	APEX
Dum steteritis ante reges V Non enim vos estis V Gloria	re	APEXN1R3	APEX
Principes populorum congregati sunt	an	APEXN2A1	APEX
Dedisti hereditatem timentibus	an	APEXN2A2	APEX
Adnuntiaverunt opera Dei	an	APEXN2A3	APEX
Vidi conjunctos viros V Vidi Angelum Dei volantem	re	APEXN2R1	APEX
Beati eritis cum maledixerint V Cum vos oderint	re	APEXN2R2	APEX
Isti sunt triumphatores V Isti sunt qui venerunt V Gloria	re	APEXN2R3	APEX
Exaltabuntur cornua justi	an	APEXN3A1	APEX
Lux orta est justis	an	APEXN3A2	APEX
Custodiebant testimonia ejus	an	APEXN3A3	APEX
Isti sunt qui viventes V In omnem terram	re	APEXN3R1	APEX
Isti sunt viri sancti V Sancti per fidem V Gloria	re	APEXN3R2	APEX
Regem apostolorum Dominum venite... alleluia	in	APTPI	APTP
Tristes erant Apostoli	hy	APTPH	APTP
Stabunt justi in magna constantia	an	APTPN1A	APTP
Beatus vir qui metuit Dominum V Gloria et divitiae	re	APTPN1R1	APTP
Tristitia vestra V Mundus quidem gaudebit	re	APTPN1R2	APTP
Pretiosa in conspectu V Custodit dominus omnia V Gloria	re	APTPN1R3	APTP
Ecce quomodo computati sunt	an	APTPN2A	APTP
Lux perpetua lucebit Sanctis tuis V Laetitia sempiterna	re	APTPN2R1	APTP
Virtute magna reddebant V Repleti quidem Spiritu	re	APTPN2R2	APTP
Isti sunt agni novelli V In conspectu Agni V Gloria	re	APTPN2R3	APTP
Lux perpetua lucebit Sanctis tuis	an	APTPN3A	APTP
Ego sum vitis vera V Sicut dilexit me	re	APTPN3R1	APTP
Candidi facti sunt Nazaraei V Candidiores nive V Gloria	re	APTPN3R2	APTP
Regem Martyrum Dominum venite (unius, simplex)	in	UMEXIa	UMEX
Regem Martyrum Dominum venite (unius, duplex)	in	UMEXIb	UMEX
Regem Martyrum Dominum venite (unius, 1.2 classis)	in	UMEXIc	UMEX
Deus tuorum militum (tonus prior)	hy	UMEXHa	UMEX
Deus tuorum militum (tonus alter)	hy	UMEXHb	UMEX
In lege Domini fuit voluntas	an	UMEXN1A1	UMEX
Praedicans praeceptum	an	UMEXN1A2	UMEX
Voce mea ad Dominum clamavi et exaudivit	an	UMEXN1A3	UMEX
Iste Sanctus pro lege V Iste est qui contempsit	re	UMEXN1R1	UMEX
Justus germinabit sicut lilium V Plantatus in domo	re	UMEXN1R2	UMEX
Iste cognovit justitiam V Iste est qui contempsit V Gloria	re	UMEXN1R3	UMEX
Filii hominum scitote	an	UMEXN2A1	UMEX
Scuto bonae voluntatis tuae	an	UMEXN2A2	UMEX
In universa terra gloria et honore	an	UMEXN2A3	UMEX
Honestum fecit illum V Descenditque cum illo	re	UMEXN2R1	UMEX
Desiderium animae ejus V Quoniam praevenisti	re	UMEXN2R2	UMEX
Stolam jucunditatis induit V Cibavit illum V Gloria	re	UMEXN2R3	UMEX
Justus Dominus... aequitatem vidit vultus ejus.	an	UMEXN3A1	UMEX
Habitabit in tabernaculo tuo	an	UMEXN3A2	UMEX
Posuisti Domine super caput	an	UMEXN3A3	UMEX
Corona aurea super caput V Quoniam praevenisti	re	UMEXN3R1	UMEX
Hic est vere Martyr V Justum deduxit V Gloria	re	UMEXN3R2a	UMEX
Domine praevenisti eloria	re	UMEXN3R2b	UMEX
Regem Martyrum Dominum	in	PMEXIa	PMEX
Regem Martyrum Dominum	in	PMEXIb	PMEX
Regem Martyrum Dominum	in	PMEXIc	PMEX
Christo profusum sanguinem	hy	PMEXH	PMEX
Secus decursus	an	PMEXN1A1	PMEX
Tamquam aurum	an	PMEXN1A2	PMEX
Si coram hominibus	an	PMEXN1A3	PMEX
Absterget Deus V Non esurient	re	PMEXN1R1	PMEX
Viri sancti gloriosum sanguinem V Unus spiritus	re	PMEXN1R2	PMEX
Tradiderunt corpora sua V Istai sunt V Gloria	re	PMEXN1R3	PMEX
Dabo sanctis meis	an	PMEXN2A1	PMEX
Sanctis qui in terra	an	PMEXN2A2	PMEX
Sancti qui sperant	an	PMEXN2A3	PMEX
Sancti tui Domine mirabile V quoniam percussit	re	PMEXN2R1	PMEX
Verba carnificum V Tradiderunt corpora	re	PMEXN2R2	PMEX
Tamquam aurum in fornace V Qui confidunt in illum V Gloria	re	PMEXN2R3	PMEX
Justi autem in perpetuo 	an	PMEXN3A1	PMEX
Tradiderunt corpora sua	an	PMEXN3A2	PMEX
Ecce merces sanctorum	an	PMEXN3A3	PMEX
Propter testamentum Domini V Ecce quam bonum	re	PMEXN3R1	PMEX
Sancti mei qui in isto V Venite benedicti V Gloria	re	PMEXN3R2a	PMEX
Haec est vera Fraternitas V Ecce quam bonum V Gloria	re	PMEXN3R2b	PMEX
Exsultent in Domino Sancti Alleluia	in	MRTPI	MRTP
Regem Confessorum Dominum venite (simplex)	in	COPOIa	COPO
Regem Confessorum Dominum venite (duplex)	in	COPOIb	COPO
Regem Confessorum Dominum venite (1.2.classis)	in	COPOIc	COPO
Regem Confessorum Dominum venite (TP)	in	COPOId	COPO
Iste Confessor (Dominica et 1.2.classis)	hy	COPOF1H	COPO
Iste Confessor (F2)	hy	COPOF2H	COPO
Iste Confessor (F3)	hy	COPOF3H	COPO
Iste Confessor (F4)	hy	COPOF4H	COPO
Iste Confessor (F5)	hy	COPOF5H	COPO
Iste Confessor (F6)	hy	COPOF6H	COPO
Iste Confessor (Sabb)	hy	COPOF7H	COPO
Iste Confessor (ad lib)	hy	COPOH	COPO
Beatus vir... prosperabuntur	an	COPON1A1	COPO
Beatus iste Sanctus qui confisus	an	COPON1A2	COPO
Tu es gloria mea tu es Susceptor	an	COPON1A3	COPO
Euge serve bone V Domine quinque talenta	re	COPON1R1	COPO
Ecce sacerdos magnus V Benedictionem omnium	re	COPON1R2	COPO
Juravit Dominus V Dixit Dominus V Gloria	re	COPON1R3	COPO
Invocantem exaudivit	an	COPON2A1	COPO
Laetentur omnes qui sperant	an	COPON2A2	COPO
Domine Dominus noster... terra... qui gloria	an	COPON2A3	COPO
Inveni David V Nihil proficiet	re	COPON2R1	COPO
Posui adjutorium super potentem V Inveni David	re	COPON2R2	COPO
Iste est qui ante Deum V Iste est qui contempsit V Gloria	re	COPON2R3	COPO
Domine iste Sanctus habitabit	an	COPON3A1	COPO
Vitam petiit a te	an	COPON3A2	COPO
Hic accipiet benedictionem	an	COPON3A3	COPO
Amavit eum Dominus V Induit eum Dominus	re	COPON3R1	COPO
Sint lumbi vestri V Vigilate ergo V Gloria	re	COPON3R2	COPO
Euge serve bone V Domine quinque talenta	re	CONPN1R1	CONP
Justus germinabit sicut lilium V Plantatus in domo	re	CONPN1R2	CONP
Iste cognovit justitiam V Iste est qui contempsit V Gloria	re	CONPN1R3	CONP
Honestum fecit illum V Descenditque cum illo	re	CONPN2R1	CONP
Amavit eum Dominus V Induit eum Dominus	re	CONPN2R2	CONP
Iste homo perfecit omnia V Iste est qui contempsit V Gloria	re	CONPN2R3	CONP
Iste est qui ante Deum V Iste est qui contempsit	re	CONPN3R1	CONP
Sint lumbi vestri V Vigilate ergo V Gloria	re	CONPN3R2	CONP
Regem Virginum Dominum venite (simplex)	in	MUVXIa	MU
Regem Virginum Dominum venite (duplex)	in	MUVXIb	MU
Regem Virginum Dominum venite (1.2.classis)	in	MUVXIc	MU
Regem Virginum Dominum venite...alleluia (TP)	in	MUVXId	MU
Laudemus Deum nostrum... N(unius non virginis)	in	MUNXIa	MU
Laudemus Deum nostrum... N(plurimarum non virginis)	in	MUNXIb	MU
Virginis proles opifexque matris	hy	MUVMHa	MU
Virginis proles opifexque matris (ad lib)	hy	MUVMHb	MU
O quam pulchra est casta	an	MUXXN1A1	MU
Ante torum hujus virginis	an	MUVXN1A2	MU
Laeva ejus sub capite meo	an	MUNXN1A2	MU
Revertere revertere sunamitis	an	MUXXN1A3	MU
Veni sponsa Christi V Veni electa mea	re	MUXMN1R1	MU
Veni electa mea V Specie tua	re	MUXNN1R1	MU
Diffusa est gratia V Specie tua	re	MUXXN1R2	MU
Specie tua V Diffusa est gratia V Gloria	re	MUXXN1R3	MU
Specie tua et pulchritudine tua intende	an	MUXXN2A1	MU
Adjuvabit eam	an	MUXXN2A2	MU
Aquae multae non potuerunt	an	MUXXN2A3	MU
Propter veritatem V Specie tua	re	MUXXN2R1	MU
Dilexisti justitiam V Propter veritatem	re	MUXXN2R2	MU
Offerentur Regi virgines V Specie tua	re	MUVXN2R3	MU
Fallax gratia et vana	re	MUNXN2R3	MU
Nigra sum	an	MUXXN3A1	MU
Trahe me post te in odorem	an	MUXXN3A2	MU
Veni sponsa Christi	an	MUXXN3A3	MU
Haec est virgo sapiens V Media autem nocte	re	MUVXN3R1	MU
Os suum aperuit sapientiae V Gustavit et vidit	re	MUNXN3R1	MU
Media nocte clamor V Prudentes virgines V Gloria	re	MUVXN3R2	MU
Regnum mundi et omnem V Eructavit V Gloria	re	MUNXN3R2	MU
Domum Dei decet	in	CDEDI	CDED
Coelestis urbs Jerusalem	hy	CDEDH	CDED
Tollite portas	an	CDEDN1A1	CDED
Erit mihi	an	CDEDN1A2	CDED
Aedificavit Moyses	an	CDEDN1A3	CDED
In dedicatione templi V Fundata est domus	re	CDEDN1R1	CDED
Fundata est domus V Venientes autem	re	CDEDN1R2	CDED
Benedic Domine domum V Domine si conversus V Gloria	re	CDEDN1R3	CDED
Non est hic aliud nisi domus Dei	an	CDEDN2A1	CDED
Vidi Jacob scalam	an	CDEDN2A2	CDED
Erexit Jacob lapidem	an	CDEDN2A3	CDED
Orantibus in loco V Qui regis Israel	re	CDEDN2R1	CDED
O quam metuendus est V Haec est domus	re	CDEDN2R2	CDED
Mane surgens Jacob V Cumque evigilasset V Gloria	re	CDEDN2R3	CDED
Qui habitat in adjutorio	an	CDEDN3A1	CDED
Templum Domini sanctum est	an	CDEDN3A2	CDED
Benedicta gloria Domini de loco suo	an	CDEDN3A3	CDED
Domus mea domus orationis V Petite et accipietis	re	CDEDN3R1	CDED
Lapides pretiosi V Portae Jerusalem V Gloria	re	CDEDN3R2	CDED
Sancta Maria Dei Genitrix Virgo	in	CBMVI	CBMV
Quem terra pontus sidera	hy	CBMVH	CBMV
Benedicta tu in mulieribus	an	CBMVN1A1	CBMV
Sicut myrrha	an	CBMVN1A2	CBMV
Ante torum	an	CBMVN1A3	CBMV
Sancta et Immaculata V Benedicta tu	re	CBMVN1R1	CBMV
Congratulamini...parvula V Beatam me dicent	re	CBMVN1R2	CBMV
Beata es Maria V Ave Maria V Gloria	re	CBMVN1R3	CBMV
Specie tua et pulchritudine tua intende	an	CBMVN2A1	CBMV
Adjuvabit eam	an	CBMVN2A2	CBMV
Sicut laetantium	an	CBMVN2A3	CBMV
Sicut cedrus exaltata V Et sicut cinnamomum	re	CBMVN2R1	CBMV
Quae est ista quae processit V Et sicut dies verni	re	CBMVN2R2	CBMV
Ornatam in monilibus V Astitit Regina V Gloria	re	CBMVN2R3	CBMV
Gaude Maria Virgo	an	CBMVN3A1	CBMV
Dignare me laudare	an	CBMVN3A2	CBMV
Post partum Virgo	an	CBMVN3A3a	CBMV
Angelus Domini nuntiavit	an	CBMVN3A3b	CBMV
Felix namque es V Ora pro populo..Sentiant	re	CBMVN3R1	CBMV
Beatam me dicent V Et misericordia ejus V Gloria	re	CBMVN3R2	CBMV
Ave Maria gratia plena Dominus tecum	in	CSMSI	CSMS
Missus est Gabriel V Dabit ei Dominux	re	OPBMR1	OPBM
Ave Maria gratia plena V Quomodo fiet istud	re	OPBMR2	OPBM
Suscipe verbum V Ut paries	re	OPBMR3	OPBM
In servis suis alleluia consolabitur V Judicabit	re	MRTPN2R2	MRTP
Filiae Jerusalem venite V Quoniam confortavit V Gloria	re	MRTPN2R3	MRTP
Regem cui omnia vivunt (9 lect)	in	ODEFIa	ODEF
Regem cui omnia vivunt (3 lect)	in	ODEFIb	ODEF
Venite exsultemus (mode 6a defct)	ps	ODEFIP	ODEF
Dirige Domine deus meus in conspectu tuo viam meam	an	ODEFN1A1	ODEF
Convertere Domine et eripe animam	an	ODEFN1A2	ODEF
Nequando rapiat ut leo	an	ODEFN1A3	ODEF
Credo quod redemptor V Quem visurus	re	ODEFN1R1	ODEF
Qui Lazarum V Qui venturus es judicare	re	ODEFN1R2	ODEF
Domine quando veneris V Commissa mea V Requiem	re	ODEFN1R3	ODEF
In loco pascuae	an	ODEFN2A1	ODEF
Delicta juventutis meae	an	ODEFN2A2	ODEF
Credo videre bona Domini	an	ODEFN2A3	ODEF
Memento mei Deus V De profundis	re	ODEFN2R1	ODEF
Heu mihi Domine V Anima mea turbata	re	ODEFN2R2	ODEF
Ne recorderis peccata V Dirige Domine V Requiem	re	ODEFN2R3	ODEF
Complaceat tibi	an	ODEFN3A1	ODEF
Sana Domine animam	an	ODEFN3A2	ODEF
Sitivit anima mea ad Deum vivum	an	ODEFN3A3	ODEF
Peccantem me quotidie V Deus in nomine tuo salvum	re	ODEFN3R1	ODEF
Domine secundum actum meum V Amplius lava me	re	ODEFN3R2	ODEF
Libera me Domine de viis V Clamantes et dicentes V Requiem	re	ODEFN3R3a	ODEF
Libera me Domine de morte V Dies illa V Requiem	re	ODEFN3R3b	ODEF
